registry_source_id,source_kind,source_uri,archive_uri,publisher,license,content_hash,privacy_boundary,republish_policy,metadata
source_944b865f286529bfa3ce2f84,local_repo,code-templates/cosine_similarity/cosine_similarity.py,,repo,repo_default_or_unknown,277db71193c648b827849f6f3b3d01d08b8b9f54af87248606f27425512b1338,local,"{""raw_source_republish"": false}","{""source"": ""repo_code_inventory""}"
source_34961b9de70d72b88ac4fb8c,local_repo,code-templates/count_tokens_approx/count_tokens_approx.py,,repo,repo_default_or_unknown,e9e4c12a4cb5a4684054b27e410bbe29f5ed47213d3893d8b8b231940085caac,local,"{""raw_source_republish"": false}","{""source"": ""repo_code_inventory""}"
source_c34ad05dbf34e1bed5466c56,local_repo,code-templates/extract_email/extract_email.py,,repo,repo_default_or_unknown,ee246079035c01d786542f40987c00e31338353c08d0922feb6b5c144fb9906d,local,"{""raw_source_republish"": false}","{""source"": ""repo_code_inventory""}"
source_16d7325656e726b50ff50025,local_repo,code-templates/extract_email/tests/test_extract_email.py,,repo,repo_default_or_unknown,d9723ab90b3f68cb0138708a5b88ceb8f7f8be7e7415dfda77ad44d483d3bc37,local,"{""raw_source_republish"": false}","{""source"": ""repo_code_inventory""}"
source_a3e0d0f9aa4c319b8fff51fe,local_repo,code-templates/extract_phone_e164/extract_phone_e164.py,,repo,repo_default_or_unknown,7341bd2b72830f19eac7a42177bd513ee1a1ae3a05634cc5c67a40580777a9ec,local,"{""raw_source_republish"": false}","{""source"": ""repo_code_inventory""}"
source_7998acb95852f3e12e793836,local_repo,code-templates/extract_url/extract_url.py,,repo,repo_default_or_unknown,fbcf210302907027732b6f0c4bc1095a9a0070246f9ea7d228a74decaccf3c6f,local,"{""raw_source_republish"": false}","{""source"": ""repo_code_inventory""}"
source_cd09d47fe18e5a121f8b3426,local_repo,code-templates/fuzzy_jaro_winkler/fuzzy_jaro_winkler.py,,repo,repo_default_or_unknown,450b4dccad092d9fb858923496f84161eed4ac291e747fa558bed6bef39e5867,local,"{""raw_source_republish"": false}","{""source"": ""repo_code_inventory""}"
source_14d0fe595b7b9f685a9fe08f,local_repo,code-templates/normalize_date/normalize_date.py,,repo,repo_default_or_unknown,7f3bbc7402aa0795fd6bd82a1935c5e42e20d45be4921e162de009fb90b34f8e,local,"{""raw_source_republish"": false}","{""source"": ""repo_code_inventory""}"
source_d23e2afce48e379cd3e91dee,local_repo,code-templates/parse_csv_rows/parse_csv_rows.py,,repo,repo_default_or_unknown,3b327b11da4821095ba67ca00e6b43b4d485d9ec8d44b2ff39079214daee06e4,local,"{""raw_source_republish"": false}","{""source"": ""repo_code_inventory""}"
source_046ff3d5b370acfb4e858992,local_repo,code-templates/parse_csv_rows/tests/test_parse_csv_rows.py,,repo,repo_default_or_unknown,e2a2d9bd9269fda871016a7d5b7061790ecd68c1565f2005480e7846d7c0828b,local,"{""raw_source_republish"": false}","{""source"": ""repo_code_inventory""}"
source_f25ee1d65ee145b9b024d24e,local_repo,code-templates/sha256_hash/sha256_hash.py,,repo,repo_default_or_unknown,11529e1cc4d6171c5cc53451a621ecb0efbda01eca2e7d4f06721a32bbf3be0d,local,"{""raw_source_republish"": false}","{""source"": ""repo_code_inventory""}"
source_5bc3ffa5074478e8efa51431,local_repo,code-templates/validate_iban/validate_iban.py,,repo,repo_default_or_unknown,cfff1c419b4297114a906858c530e56ee535d75dd1455721a337fa75971b7397,local,"{""raw_source_republish"": false}","{""source"": ""repo_code_inventory""}"
source_15699b7a0d93dd71abefbaa7,local_repo,code-templates/validate_luhn/validate_luhn.py,,repo,repo_default_or_unknown,69ba63d38e8fecaa4c51448f5506eca68237c181d91c4bec45775919ae3edb16,local,"{""raw_source_republish"": false}","{""source"": ""repo_code_inventory""}"
source_d45da9073e98fca0ca2ca680,local_repo,hf-space/app.py,,repo,repo_default_or_unknown,cec35dbb3e74bfc4d4e2faf68f97f1c111837d7338c68de1ea19c1d5420fcec5,local,"{""raw_source_republish"": false}","{""source"": ""repo_code_inventory""}"
source_b87e653538f4677e71205a2e,local_repo,scripts/_config.py,,repo,repo_default_or_unknown,34566fc2ad71e5340021aafc62a3271cd2f86625d412c825db0600fa7b0dd4ee,local,"{""raw_source_republish"": false}","{""source"": ""repo_code_inventory""}"
source_962c1313075d7c7e612409bb,local_repo,scripts/_jsonl_store.py,,repo,repo_default_or_unknown,e3c4a8ae29ce1615aafe6ad3ebfcd7ac30387b3514bc90a12528faa7d9fb8928,local,"{""raw_source_republish"": false}","{""source"": ""repo_code_inventory""}"
source_7f5cc50d6007f54e0209b79d,local_repo,scripts/_llm_client.py,,repo,repo_default_or_unknown,ed438e321e804c73608dfbb9168592e3a07a6468f42a2f6be9cc011fe3352ddb,local,"{""raw_source_republish"": false}","{""source"": ""repo_code_inventory""}"
source_3da35e2eeb24c91b1451671e,local_repo,scripts/_publish/gh_device_login.py,,repo,repo_default_or_unknown,9407cde6ff6a1e2cc8c92868fbc73c589b9f09be231329d67cb1da7b3e9560a3,local,"{""raw_source_republish"": false}","{""source"": ""repo_code_inventory""}"
source_a102d115002e6cc82f754e58,local_repo,scripts/_surface_accents.py,,repo,repo_default_or_unknown,eb0c797e4bfdf4e6fe4472b161b5c100c0cf7015f5f227378777f45556633a5e,local,"{""raw_source_republish"": false}","{""source"": ""repo_code_inventory""}"
source_bfa14b16f235be88bfc62ac0,local_repo,scripts/acquisition/cell_priority.py,,repo,repo_default_or_unknown,5f988efe1e76f5221d508155ad94e92f437793eb8bce3e9e4d26e61f6442eae3,local,"{""raw_source_republish"": false}","{""source"": ""repo_code_inventory""}"
source_3a1cce63573bcb6f106924f5,local_repo,scripts/acquisition/gap_screen.py,,repo,repo_default_or_unknown,8a8dd8c9bca6781f09477b136207b157ef670c17f214c17449b47b43260bdac0,local,"{""raw_source_republish"": false}","{""source"": ""repo_code_inventory""}"
source_13e125e224a4fcd9376a3d36,local_repo,scripts/acquisition/github_repo_harvester.py,,repo,repo_default_or_unknown,79aab8bb8faaf694d5d0e15e58173252c3cb79c6c3ee5e48b0f854ff0fcd167d,local,"{""raw_source_republish"": false}","{""source"": ""repo_code_inventory""}"
source_0986c67e8f31980f18b43da3,local_repo,scripts/acquisition/research_queue.py,,repo,repo_default_or_unknown,1ef26b7b45c9558f10f67fb75f9ae14757abfaa04829262fd73d6c24bee5b494,local,"{""raw_source_republish"": false}","{""source"": ""repo_code_inventory""}"
source_c0441ae30cbf53be6f08aa34,local_repo,scripts/add_demo_voiceover.py,,repo,repo_default_or_unknown,7e6655eac6d5ef4503e77fda88caf4eb9ba505bfbc9821ca52c2a6bbc26a4614,local,"{""raw_source_republish"": false}","{""source"": ""repo_code_inventory""}"
source_2776db193cf02ceda9f776bd,local_repo,scripts/aidevobserver_context_foundry_loop.py,,repo,repo_default_or_unknown,4e518c7ee3f2481ff7d8ee51e34104fa1bce966a8d942620a045bc6d3db29040,local,"{""raw_source_republish"": false}","{""source"": ""repo_code_inventory""}"
source_72ae87aee44a179e87b8c9d7,local_repo,scripts/aidevobserver_demo_server.py,,repo,repo_default_or_unknown,33177abab4d244394cf64df5e872ad8963ce0e4f704875cf056c549a8e077e20,local,"{""raw_source_republish"": false}","{""source"": ""repo_code_inventory""}"
source_0aa3ba1b8d8ba0eed1d9d242,local_repo,scripts/aidevobserver_hook.py,,repo,repo_default_or_unknown,c1faf9b211899d190055d1edb77a17e454cc38d9c208f0b09d429dbbe4d7128b,local,"{""raw_source_republish"": false}","{""source"": ""repo_code_inventory""}"
source_32df51e5b1f77ec7cf0ff85c,local_repo,scripts/aidevobserver_mcp_server.py,,repo,repo_default_or_unknown,3d501552a1cf13f0bbe9e845e248f6ccb8833e6ea2ac214771c2723274edc34a,local,"{""raw_source_republish"": false}","{""source"": ""repo_code_inventory""}"
source_5174a21f92a7fb8b961af807,local_repo,scripts/aidevobserver_primitive_lifecycle.py,,repo,repo_default_or_unknown,9f297fe4c5af778b81da9212b9d2b87bb386b1c8655f229149312f2ed489a398,local,"{""raw_source_republish"": false}","{""source"": ""repo_code_inventory""}"
source_2880818086977fc8ae12ac57,local_repo,scripts/aidevobserver_project_scaffold.py,,repo,repo_default_or_unknown,415d084afe4abaceeb382b8314032ea12e734de650b9476f131fa7bf3e9468df,local,"{""raw_source_republish"": false}","{""source"": ""repo_code_inventory""}"
source_5f7de7a7f6dc7523687c950a,local_repo,scripts/aidevobserver_pypi_source_scan.py,,repo,repo_default_or_unknown,6fd39b9b0294826bc87dc2a50f306db8956d1eda7558a957cf11e1b16872cb77,local,"{""raw_source_republish"": false}","{""source"": ""repo_code_inventory""}"
source_ded137913de3bb9dc84c37d5,local_repo,scripts/alias_resolver.py,,repo,repo_default_or_unknown,779423d71d7f7bb1dbaac8beff0298a04e31bea86578f3359c8b419e5ea0e1e8,local,"{""raw_source_republish"": false}","{""source"": ""repo_code_inventory""}"
source_a55532b853dc7c00b1682e93,local_repo,scripts/api_context_handler.py,,repo,repo_default_or_unknown,4c53d73478d12b1a8a1c9aa20280639ac0f0f979085a147de47904df6b3043ba,local,"{""raw_source_republish"": false}","{""source"": ""repo_code_inventory""}"
source_c6dcd942051ac3009828adff,local_repo,scripts/api_determinism_handler.py,,repo,repo_default_or_unknown,f4e934a91ffc23ef2d031e3f2bc4a35b8bcebc2b79f3d5d501843f54125f0c15,local,"{""raw_source_republish"": false}","{""source"": ""repo_code_inventory""}"
source_9cff5251ed84d24ba44015ab,local_repo,scripts/api_inference_handler.py,,repo,repo_default_or_unknown,308c3739de7add417d963aea3f44da6452d99a042df916f2e0a4e6b4f87b6b68,local,"{""raw_source_republish"": false}","{""source"": ""repo_code_inventory""}"
source_67bc2df3151715f7854ae531,local_repo,scripts/api_memory_handler.py,,repo,repo_default_or_unknown,514c5fd93d404e56ec0196888a6e3183c109b2ee306a4c2f9ab642708a2b99a5,local,"{""raw_source_republish"": false}","{""source"": ""repo_code_inventory""}"
source_ea9a39fcf336b65c5c0dfb52,local_repo,scripts/api_native_handler.py,,repo,repo_default_or_unknown,b5a6a569276f4b6e8ef2475273d4f15391e2667ebc1b00903634f43ededc3b24,local,"{""raw_source_republish"": false}","{""source"": ""repo_code_inventory""}"
source_9d1b7de1cd7980d506ff7c4d,local_repo,scripts/api_pipeline_handler.py,,repo,repo_default_or_unknown,f3ec24d0ad64098f1fed69115dc08557c2a986b640dff1001a94dd2cb610e1d6,local,"{""raw_source_republish"": false}","{""source"": ""repo_code_inventory""}"
source_33b1f1fe475fb8a94b232599,local_repo,scripts/api_standards_handler.py,,repo,repo_default_or_unknown,7a14a3536ea35eb1f4744bb3e0684c89e8a4c009e3bdffda464682b55d8b448c,local,"{""raw_source_republish"": false}","{""source"": ""repo_code_inventory""}"
source_3b446bc54f52f7b97ccdb554,local_repo,scripts/api_temporal_graph_handler.py,,repo,repo_default_or_unknown,728df7f152d3a8a372f0f2a594d12e43ee45d3358c552fe9afdf8a8e94b54331,local,"{""raw_source_republish"": false}","{""source"": ""repo_code_inventory""}"
source_7ea05e3ebf1df2948a0ff161,local_repo,scripts/archive_legacy_docs.py,,repo,repo_default_or_unknown,49301a6a62236e8e4af92168c8dbd8f1dc665159908cb0a071c452f6aa5d1555,local,"{""raw_source_republish"": false}","{""source"": ""repo_code_inventory""}"
source_70572a05b0de114cd5cbb963,local_repo,scripts/artifact_graph/artifact_ledger.py,,repo,repo_default_or_unknown,8942a03ed2a2795b5b99160d6602c041217e7d087535c2cf6a9230a1e5981950,local,"{""raw_source_republish"": false}","{""source"": ""repo_code_inventory""}"
source_3863dd4cd4bdf20db57effdb,local_repo,scripts/artifact_graph/authority_corroboration.py,,repo,repo_default_or_unknown,e4a1dcda6bceb34701a2c2275327144cc5c35aacf286b89d776aa06ff4c3434d,local,"{""raw_source_republish"": false}","{""source"": ""repo_code_inventory""}"
source_abf8b46efd7d5be1b0297e97,local_repo,scripts/artifact_graph/cfpb_artifacts.py,,repo,repo_default_or_unknown,5c2789817d18e3ba4d64160720c7ccb17b434268abd1779cb586af316e3a2c67,local,"{""raw_source_republish"": false}","{""source"": ""repo_code_inventory""}"
source_618dd1fc3048553824413270,local_repo,scripts/artifact_graph/conflict_detector.py,,repo,repo_default_or_unknown,e38156b88b99484647b10bac7acdb7a5bb6afc695cfb143bcd3ec17d33846949,local,"{""raw_source_republish"": false}","{""source"": ""repo_code_inventory""}"
source_73ce41c7c1756e0383a3cb47,local_repo,scripts/artifact_graph/graph_builder.py,,repo,repo_default_or_unknown,64787fdbcb4b2fb835fb1f0efd33c9a43679b6b58f3678e9f526d63a666aba64,local,"{""raw_source_republish"": false}","{""source"": ""repo_code_inventory""}"
source_418aa9b45a82d3f8155a2a5d,local_repo,scripts/artifact_graph/reconciliation.py,,repo,repo_default_or_unknown,b714ddf4120ae92cdd3997529e15441f7f0b3082e19f73e149a64c400652ad20,local,"{""raw_source_republish"": false}","{""source"": ""repo_code_inventory""}"
source_0d5f6f6b5fd9544eb7405d60,local_repo,scripts/artifact_graph/source_authority.py,,repo,repo_default_or_unknown,da8edbb8006bcb95316fe8bf58c41f786aac4c2e115b9e57ad64c34127d9f513,local,"{""raw_source_republish"": false}","{""source"": ""repo_code_inventory""}"
source_362d02a18bc97883b4b62689,local_repo,scripts/artifact_graph/vector_store.py,,repo,repo_default_or_unknown,b75403bfc1a4c48445ea4caa32caacb8ef9921d3432b019a3947cc6d269bcf3b,local,"{""raw_source_republish"": false}","{""source"": ""repo_code_inventory""}"
source_72c801a659cee1f9fabee84c,local_repo,scripts/audit_context_storage.py,,repo,repo_default_or_unknown,f64e4fbafdc6d31c6300252ca3670283e11d6b48bbd890fee5691067a67155c7,local,"{""raw_source_republish"": false}","{""source"": ""repo_code_inventory""}"
source_ef547a7cfdacdc1dbd859251,local_repo,scripts/audit_magic_numbers.py,,repo,repo_default_or_unknown,cf51827c08b4d80a575e6ac254fe6ece2d362557001b95a79af6d0483beb51c0,local,"{""raw_source_republish"": false}","{""source"": ""repo_code_inventory""}"
source_53cbd4ed5364412d9c061ed8,local_repo,scripts/baltor_acceptance.py,,repo,repo_default_or_unknown,352f7cf33cf8c9702c6f12f08ae5d049050a0757000d71a85f278dce29194515,local,"{""raw_source_republish"": false}","{""source"": ""repo_code_inventory""}"
source_943e397d203698b809c87f2a,local_repo,scripts/baltor_admin_demo_server.py,,repo,repo_default_or_unknown,3f2c001975bf9356b1d7668aacfef7e139551593254a8fd87394bef13e95e88e,local,"{""raw_source_republish"": false}","{""source"": ""repo_code_inventory""}"
source_0b00bfbe20df9545d31c8e48,local_repo,scripts/baltor_context_cache.py,,repo,repo_default_or_unknown,414eb91ea62152710c24bb75984e430297599d9b29b5f86f83581e2d9c395a83,local,"{""raw_source_republish"": false}","{""source"": ""repo_code_inventory""}"
source_4fb67a2f56c781457034d647,local_repo,scripts/baltor_context_cache_read.py,,repo,repo_default_or_unknown,d094afa658f1cdcba0cc94917a4e2f42adee26a794a936b1b31036228d331c92,local,"{""raw_source_republish"": false}","{""source"": ""repo_code_inventory""}"
source_d1ef7dbc8a8cc745b7e35d81,local_repo,scripts/baltor_context_client.py,,repo,repo_default_or_unknown,45f555007210473280413ef39a209cbfda6f6e365faa1b85b049fd46e0654282,local,"{""raw_source_republish"": false}","{""source"": ""repo_code_inventory""}"
source_5fef908b4766103c1f8d2412,local_repo,scripts/baltor_context_gateway_mcp.py,,repo,repo_default_or_unknown,e8ed20df3f2b90e406e48b831d63816e0a052daa12d67128e3be08450e0683c4,local,"{""raw_source_republish"": false}","{""source"": ""repo_code_inventory""}"
source_bda1a2ca7074c86ecdf167df,local_repo,scripts/baltor_flywheel.py,,repo,repo_default_or_unknown,63bcb084b5a2b7ada2ba582d0d087a7f4d7b2ca48948879a6052240184107683,local,"{""raw_source_republish"": false}","{""source"": ""repo_code_inventory""}"
source_a1c172441831708713e81db3,local_repo,scripts/bench_checklist_gates.py,,repo,repo_default_or_unknown,eedc076c271a749650676755b253f1c2771df5c23e20cda348ff0ff03075a0a8,local,"{""raw_source_republish"": false}","{""source"": ""repo_code_inventory""}"
source_ee4f75674d317d9602264b32,local_repo,scripts/bench_pipelines.py,,repo,repo_default_or_unknown,8c740fa4afb60bbafd1225159582395eb6aeade4dce116aaa50b6d70a27a23ce,local,"{""raw_source_republish"": false}","{""source"": ""repo_code_inventory""}"
source_5b8f99295d92f0792e639550,local_repo,scripts/bench_token_usage.py,,repo,repo_default_or_unknown,bf64f3710f7f15f94b2579790dab351e97daa96254bfbd6d379e8983ce05ff3d,local,"{""raw_source_republish"": false}","{""source"": ""repo_code_inventory""}"
source_607555fcc20aa48f645fdd22,local_repo,scripts/billing_ledger.py,,repo,repo_default_or_unknown,19ca033c8b68eac3cc320dc8f2ef7c30fddbda04b218fc7124e159f254f24be6,local,"{""raw_source_republish"": false}","{""source"": ""repo_code_inventory""}"
source_ae5d97cb24b1962bf3b1097c,local_repo,scripts/billing_plane.py,,repo,repo_default_or_unknown,0d1bee9d48980ddd8839d668a1792d3923f43213ed7c3fd13cbc5f55ed8c62e7,local,"{""raw_source_republish"": false}","{""source"": ""repo_code_inventory""}"
source_ca09e10dbc08249d1840ff6b,local_repo,scripts/blueprints/blueprint_records_to_factory_jsonl.py,,repo,repo_default_or_unknown,5e5092ff867e4998f695008c2235d297ab6924edbbb8833787db56ad9470e70e,local,"{""raw_source_republish"": false}","{""source"": ""repo_code_inventory""}"
source_6d44d0b88c84364041f0165c,local_repo,scripts/blueprints/cost_route_matrix.py,,repo,repo_default_or_unknown,0a50d933212b74f83602d72200327de86ba32097dd05cba4d6aa2538ed1f16d5,local,"{""raw_source_republish"": false}","{""source"": ""repo_code_inventory""}"
source_d174f30b687a306292a9b75a,local_repo,scripts/blueprints/local_sentence_demo.py,,repo,repo_default_or_unknown,6f1c0afc80b0e6039d3efba0dbc452d7c7c5b3fe3b01b3fd82d0c665202dc2c3,local,"{""raw_source_republish"": false}","{""source"": ""repo_code_inventory""}"
source_4b8a4e932743fa481e1deaac,local_repo,scripts/bot_swarm.py,,repo,repo_default_or_unknown,be31a509998fb4aafe8413ec9c5694ff10fef70a51758512c285724d8e95c8e6,local,"{""raw_source_republish"": false}","{""source"": ""repo_code_inventory""}"
source_d7d64001c7b3e01732970d9b,local_repo,scripts/browser_capture.py,,repo,repo_default_or_unknown,62a8c3b940a70702d7684945e6e97b25c0be6f1d544ba1ff82aff8af5bd3a250,local,"{""raw_source_republish"": false}","{""source"": ""repo_code_inventory""}"
source_751da5fbe74dcdca5ed67b75,local_repo,scripts/build_agentic_loop_viz.py,,repo,repo_default_or_unknown,cd60b29e8b0b4275aa765a7b6cb3421559bac8568cb0103504a22eba012c9159,local,"{""raw_source_republish"": false}","{""source"": ""repo_code_inventory""}"
source_631cf8d1a2650ae739f24411,local_repo,scripts/build_architecture_map.py,,repo,repo_default_or_unknown,076d9708fc026c16fd631813502f62a0c90e868948782fafc2190f12054f991d,local,"{""raw_source_republish"": false}","{""source"": ""repo_code_inventory""}"
source_7aeb479a6baf3161a071ce89,local_repo,scripts/build_capability_assurance_surface.py,,repo,repo_default_or_unknown,9d878214a4b94012de9efcd506fde585fb7ea7ac04b940a6fe9eb89afe2972b7,local,"{""raw_source_republish"": false}","{""source"": ""repo_code_inventory""}"
source_0318b98f7ddc3e634338ee32,local_repo,scripts/build_capability_mvp.py,,repo,repo_default_or_unknown,2fdf7394a178182b5964095c93d48d26ccc9515c449b3eee5e31221d4da31e62,local,"{""raw_source_republish"": false}","{""source"": ""repo_code_inventory""}"
source_1c376703709d93e0dcdf8246,local_repo,scripts/build_catalog_db.py,,repo,repo_default_or_unknown,d85398faefdc85b6111dc1281482f039c2cd7076ab9ed9c40fca274380639a42,local,"{""raw_source_republish"": false}","{""source"": ""repo_code_inventory""}"
source_cea69112ca20c0ebca2ed654,local_repo,scripts/build_catalog_index.py,,repo,repo_default_or_unknown,10c9d0372d1f220bf86cb2af20c51e70ca8dcf21b1388987eb6c1df510cc809b,local,"{""raw_source_republish"": false}","{""source"": ""repo_code_inventory""}"
source_523746d964d9e0ed444cb52a,local_repo,scripts/build_catalog_pages.py,,repo,repo_default_or_unknown,0ab66046dbc40c03911ae37b2fadcbaf4fd21458d997259298334f2271f15bf6,local,"{""raw_source_republish"": false}","{""source"": ""repo_code_inventory""}"
source_4fcebe3795bb83763d3df119,local_repo,scripts/build_code_genome_index.py,,repo,repo_default_or_unknown,1dabb905297d343c1f794d0ed76caabbd0d77a5a433c3eebe59e4a6d4d59be67,local,"{""raw_source_republish"": false}","{""source"": ""repo_code_inventory""}"
source_3164479f07f09058b43a5b95,local_repo,scripts/build_component_id_index.py,,repo,repo_default_or_unknown,c8b9315ac6ab461dbb3eebe5ba322d3f4a87a19a4bcc5805b876e168cff48b69,local,"{""raw_source_republish"": false}","{""source"": ""repo_code_inventory""}"
source_4227eb694cf2e87fce39eab2,local_repo,scripts/build_component_index.py,,repo,repo_default_or_unknown,8715d73b2098a592d83d50f948bfea137a2c153cc439ea2da7a755a9d02c29c7,local,"{""raw_source_republish"": false}","{""source"": ""repo_code_inventory""}"
source_67e1bc77350d8073df972b05,local_repo,scripts/build_config_ui.py,,repo,repo_default_or_unknown,550cdd8a38d64e3076d6edb19a7860f6813874583cca51797bd0f16d6817cf39,local,"{""raw_source_republish"": false}","{""source"": ""repo_code_inventory""}"
source_731d74bdced9bc4ea7e72a0c,local_repo,scripts/build_contract_specs.py,,repo,repo_default_or_unknown,99478a0530fd6b24df7f680bf8e0b8b9d362d4654d1344f00b99f8c7ea83e143,local,"{""raw_source_republish"": false}","{""source"": ""repo_code_inventory""}"
source_7d7fa1b2d3720772e8a86086,local_repo,scripts/build_demo_control_tower.py,,repo,repo_default_or_unknown,6c5abab1a5e31a035b1f4b9b294f061fb239082fcb50422d8328b7f79cb59522,local,"{""raw_source_republish"": false}","{""source"": ""repo_code_inventory""}"
source_d8a352e1ee8772d80684d3ae,local_repo,scripts/build_examples_gallery.py,,repo,repo_default_or_unknown,9b259f509bc1d9a1197f01d0fa4467ab14a6955c740c197a30d83898dfb9a75e,local,"{""raw_source_republish"": false}","{""source"": ""repo_code_inventory""}"
source_618a4f3c92d41a46a616392b,local_repo,scripts/build_flow_receipts.py,,repo,repo_default_or_unknown,561f8662baff9b49544a899f6e091304fa01ac08df1c1778f91b34733ddd408c,local,"{""raw_source_republish"": false}","{""source"": ""repo_code_inventory""}"
source_4274e71560983097ba43a9d1,local_repo,scripts/build_hub_browser.py,,repo,repo_default_or_unknown,d868484fcbd6abc902b4e90b5593f540a689461577fe4ac5d269c7acab94cd6d,local,"{""raw_source_republish"": false}","{""source"": ""repo_code_inventory""}"
source_ef37e1ab9bdada4806da61f3,local_repo,scripts/build_hub_sites.py,,repo,repo_default_or_unknown,1c3e5a98861a69b61178ab8ab712efcbca6666a1d8918d9e4418e2fefba261ed,local,"{""raw_source_republish"": false}","{""source"": ""repo_code_inventory""}"
source_16964513cdddd4429b2636cc,local_repo,scripts/build_index_page.py,,repo,repo_default_or_unknown,e3bb190c368a6f616a1ad03274f8cae9b8556f20bb53bca29b12504771da095d,local,"{""raw_source_republish"": false}","{""source"": ""repo_code_inventory""}"
source_a97f58304ca39cb729205d9d,local_repo,scripts/build_intro_site.py,,repo,repo_default_or_unknown,c48faa96f12b7283914e8c2e13503f093459a1924140f84ff3e26fcbdf98ab84,local,"{""raw_source_republish"": false}","{""source"": ""repo_code_inventory""}"
source_c5a744ec6590b88ec685e5c8,local_repo,scripts/build_loop.py,,repo,repo_default_or_unknown,79c9d0f2c40aaf3d761d06cf1b11738b1cae1ae862cc2b841c9897000a5b890a,local,"{""raw_source_republish"": false}","{""source"": ""repo_code_inventory""}"
source_863af656a82fab5082230eb8,local_repo,scripts/build_million_records.py,,repo,repo_default_or_unknown,da864577f21aa01c222257d858312c5d412efae7d456716501c76e4709a1bd51,local,"{""raw_source_republish"": false}","{""source"": ""repo_code_inventory""}"
source_33e3e501483ebc222107ae31,local_repo,scripts/build_pitch_deck.py,,repo,repo_default_or_unknown,af5e8bef6a9fb3d29f4973000c3a93f3adf8d7a4f72ae7abf6f2261358f154f1,local,"{""raw_source_republish"": false}","{""source"": ""repo_code_inventory""}"
source_d17445b17f9e34d82adc7abd,local_repo,scripts/build_portfolio_connection_map.py,,repo,repo_default_or_unknown,cba7176bd1a13623285178431c07645451c805235b45dc2c3c58723a28cd6210,local,"{""raw_source_republish"": false}","{""source"": ""repo_code_inventory""}"
source_e9369cf0a34b3f4b5a337df5,local_repo,scripts/build_portfolio_sites.py,,repo,repo_default_or_unknown,392112840d8c6adb30e85cb3b2a76206ca59fe927d9679f2378f9c275bf05af6,local,"{""raw_source_republish"": false}","{""source"": ""repo_code_inventory""}"
source_a979093da8eca1db4fcb814c,local_repo,scripts/build_processor_dispatch_index.py,,repo,repo_default_or_unknown,7f2c6ffead95d8ad8b3e51ce449364a72583b88417970f911b18653d74b358f2,local,"{""raw_source_republish"": false}","{""source"": ""repo_code_inventory""}"
source_07a86589ca25c61aad270c97,local_repo,scripts/build_readme_stats.py,,repo,repo_default_or_unknown,83f2128ba9fb8853dea1cd964d66aeca7a08aa3f0f9b66d2f0e4c62e34e6b621,local,"{""raw_source_republish"": false}","{""source"": ""repo_code_inventory""}"
source_cde5f7b2797bac232014f6d3,local_repo,scripts/build_registry_dependency_graph.py,,repo,repo_default_or_unknown,83bf2d65285516d939f45a8ee69d88bc078be489ff5f97d6e0a3689ede21a9ba,local,"{""raw_source_republish"": false}","{""source"": ""repo_code_inventory""}"
source_f7406f05e8e57ffb97e13a7e,local_repo,scripts/build_registry_records.py,,repo,repo_default_or_unknown,66101b25482b1f9bb3441de438282f76082511caf19bbfc8a54ff2d286420d6e,local,"{""raw_source_republish"": false}","{""source"": ""repo_code_inventory""}"
source_562b4e4282a9f6ed58271d45,local_repo,scripts/build_spotter_surface.py,,repo,repo_default_or_unknown,3da5f761816f66fa85abec75300b2341f25c7f6e66d5016c9e229023f4cf9e6c,local,"{""raw_source_republish"": false}","{""source"": ""repo_code_inventory""}"
source_c8f090ea3ba22cba24a6d897,local_repo,scripts/build_teleon_demo_showcase.py,,repo,repo_default_or_unknown,6e456b2ef37c5ad882d05f49b90227ce0f497c17daca35b7b1ad1a036b4cb5a1,local,"{""raw_source_republish"": false}","{""source"": ""repo_code_inventory""}"
source_d6a8c6d31d8659d5fb754c6a,local_repo,scripts/build_yc_demo.py,,repo,repo_default_or_unknown,a361138531db8057703275645777f861d5bc945f4addb6f5a6ccd083cbeaf146,local,"{""raw_source_republish"": false}","{""source"": ""repo_code_inventory""}"
source_4fc87a05303f96009fea6cd3,local_repo,scripts/byo_demo_server.py,,repo,repo_default_or_unknown,dc4069fe0e91571d26fca8fa755e3bcdf2d533d88a3f3ffbc5569a4daf4fb300,local,"{""raw_source_republish"": false}","{""source"": ""repo_code_inventory""}"
source_f06b3dbd861e6a0588784aee,local_repo,scripts/capability_seeder.py,,repo,repo_default_or_unknown,77a9775e4275380a9515828b9b4e6824cbc0653d5b116bd977484f8e3827450e,local,"{""raw_source_republish"": false}","{""source"": ""repo_code_inventory""}"
source_05ed636be947c7871ff77a5d,local_repo,scripts/capability_worker.py,,repo,repo_default_or_unknown,ab2fc4a774a72e1c849a92b7d0a1bca3af44af62d2f9b2b893642cfb978539d2,local,"{""raw_source_republish"": false}","{""source"": ""repo_code_inventory""}"
source_636c8e10260e90d8a65bb739,local_repo,scripts/cfpb_artifact_graph_demo.py,,repo,repo_default_or_unknown,c1ab06f4053e86ced8bc4f292b836879012b56bc1d1c86e45e8dd0f466e6000b,local,"{""raw_source_republish"": false}","{""source"": ""repo_code_inventory""}"
source_ae6f97b4ca8078bc85b726c2,local_repo,scripts/check_access_policy.py,,repo,repo_default_or_unknown,2589859bb4545544f5021994ec6dab50d3c4c01cf42564e289c4f982a0509973,local,"{""raw_source_republish"": false}","{""source"": ""repo_code_inventory""}"
source_9130f6d55bf2e50bb80b47ac,local_repo,scripts/check_acquisition_strategies.py,,repo,repo_default_or_unknown,49fb393093ba8a12c261f4614aa4a0371d7764d41185c6f83b38fc0c3abf8469,local,"{""raw_source_republish"": false}","{""source"": ""repo_code_inventory""}"
source_8bc741e0869cc809d0d60606,local_repo,scripts/check_adaptation_ladder.py,,repo,repo_default_or_unknown,c86d1918f26877ee59522cacf24d132a1bc4f09c8c5cd40a50ae4d48e8110bee,local,"{""raw_source_republish"": false}","{""source"": ""repo_code_inventory""}"
source_e6c466d0d56c317e16b83ac5,local_repo,scripts/check_adapter_factory.py,,repo,repo_default_or_unknown,ad3c205795f98cdb437856ca964dfb3367772cb19ab5e6722a99d50881a413ec,local,"{""raw_source_republish"": false}","{""source"": ""repo_code_inventory""}"
source_57c50380321f8de9142590b0,local_repo,scripts/check_adapter_layers.py,,repo,repo_default_or_unknown,ad229c48a467a47fda84bff187ea2dbd6a16c9d038058e92070aa542ebc1b508,local,"{""raw_source_republish"": false}","{""source"": ""repo_code_inventory""}"
source_c66db1238cf20b6a4459efa4,local_repo,scripts/check_adjacent_verticals.py,,repo,repo_default_or_unknown,1c3df2a54645dc23b4a90c04901f28f1b9608f86e1443c4b327a28432f160197,local,"{""raw_source_republish"": false}","{""source"": ""repo_code_inventory""}"
source_77a01657f63333709d3dda27,local_repo,scripts/check_admin_server.py,,repo,repo_default_or_unknown,ddb4535abdba96b09ae89101295f19e620560602c71af556b9a6bfc1e1a32000,local,"{""raw_source_republish"": false}","{""source"": ""repo_code_inventory""}"
source_670f74b7df1d1ee8369d859e,local_repo,scripts/check_adversarial_auth_all_realms.py,,repo,repo_default_or_unknown,7a31386868a372f2789ba939e6ce09d608b1c1ea4346657c137b1d733b660b39,local,"{""raw_source_republish"": false}","{""source"": ""repo_code_inventory""}"
source_f54d33896c5be2f202bdab13,local_repo,scripts/check_agent_environment_contracts.py,,repo,repo_default_or_unknown,733ac41807d072bf3022938826b2cabe7acd9feaf9d103fd9a4f11a852c698d6,local,"{""raw_source_republish"": false}","{""source"": ""repo_code_inventory""}"
source_6299fd8d32c1c8d70007cb54,local_repo,scripts/check_agent_environment_research_registry.py,,repo,repo_default_or_unknown,81b0af7b81491d29a583f511fbc6aaed36a1e3965c2c477a643729b4abd7826c,local,"{""raw_source_republish"": false}","{""source"": ""repo_code_inventory""}"
source_dd34f7692c3a7c06112c8877,local_repo,scripts/check_agent_runtime_layer.py,,repo,repo_default_or_unknown,38322620300b273334f0de6a5419e41bfdae887563a24fb11cd116ab30f09c80,local,"{""raw_source_republish"": false}","{""source"": ""repo_code_inventory""}"
source_b78ba89caba51200fdd0daa0,local_repo,scripts/check_agent_runtime_layer_redteam.py,,repo,repo_default_or_unknown,8de4250758504c93f7e7dcdeb1b69ba04f9b5ed1eb9ae6f5dae1410a28ab149f,local,"{""raw_source_republish"": false}","{""source"": ""repo_code_inventory""}"
source_178360d8d41b9fed454c0b74,local_repo,scripts/check_agentic_bot_contracts.py,,repo,repo_default_or_unknown,0cff892e13d4535095f9d3b6bb408580d0c791e279565ceabd76deb30b6c7747,local,"{""raw_source_republish"": false}","{""source"": ""repo_code_inventory""}"
source_69e197115bbb3e2d50d26e53,local_repo,scripts/check_agentic_loop_catalog.py,,repo,repo_default_or_unknown,03baf9562e43934e1abade636cac7ac2feb4e06eec692cb20d70d8dd01c0ef52,local,"{""raw_source_republish"": false}","{""source"": ""repo_code_inventory""}"
source_3299c7fc4eb51e8ac64cfc12,local_repo,scripts/check_agnostic_adapters.py,,repo,repo_default_or_unknown,d42c8082457c4342815217d1ce4de16e19eb622b9d5bdd53ca06eb768d27c94f,local,"{""raw_source_republish"": false}","{""source"": ""repo_code_inventory""}"
source_1549831334d7a444e9e213da,local_repo,scripts/check_ai_done_right_surface_family.py,,repo,repo_default_or_unknown,6ff2dee70a0c8c43653fc647705b39fbe3afe1cc3230df44eb7b1b46884d62fb,local,"{""raw_source_republish"": false}","{""source"": ""repo_code_inventory""}"
source_18422d1d37743cd95d33e30a,local_repo,scripts/check_aidevobserver_compiled_ai_evaluation.py,,repo,repo_default_or_unknown,654c7c2a76016e82528f9d2121fbfaf7503f453aa89574782c29d770c49f19a2,local,"{""raw_source_republish"": false}","{""source"": ""repo_code_inventory""}"
source_7f2e016adf16d74326f67baf,local_repo,scripts/check_aidevobserver_example_sessions.py,,repo,repo_default_or_unknown,2073e0b5fa4f38babfda871dba145e801f9ad1e850438e02d2d7748f029feac6,local,"{""raw_source_republish"": false}","{""source"": ""repo_code_inventory""}"
source_24fa0cabc53da9e45c3f8194,local_repo,scripts/check_aidevobserver_launch_readiness.py,,repo,repo_default_or_unknown,5996ed17aa94c7279e66a4b39d112e16320395ba763fa1e3ff88deb712c850dd,local,"{""raw_source_republish"": false}","{""source"": ""repo_code_inventory""}"
source_2aa4c32a4b06c963774b9745,local_repo,scripts/check_aidevobserver_local_registry_connector.py,,repo,repo_default_or_unknown,7bbcdf4a4a0d54ce8b6ee2d99e0635627642240c0da246b980e694b8c2bd073a,local,"{""raw_source_republish"": false}","{""source"": ""repo_code_inventory""}"
source_a6206b8e55ddabdd9d74503b,local_repo,scripts/check_aidevobserver_mcp.py,,repo,repo_default_or_unknown,8662c54d24337f75bf568bbc217a14e2c872c04bf45ac67844a87186ea20a184,local,"{""raw_source_republish"": false}","{""source"": ""repo_code_inventory""}"
source_19cf365caf4f7c35ac96dc7e,local_repo,scripts/check_aidevobserver_session_benchmark.py,,repo,repo_default_or_unknown,b52dec88933814735f6d27701fda7898bc6b85411587e867b48536b34257cf3f,local,"{""raw_source_republish"": false}","{""source"": ""repo_code_inventory""}"
source_c9142cba770444d8e4c84e0a,local_repo,scripts/check_aidevobserver_source_acquisition_surfaces.py,,repo,repo_default_or_unknown,c969b2c1730041db208ce1501a75f1cb5f545d05868d48965f94815cd6037e55,local,"{""raw_source_republish"": false}","{""source"": ""repo_code_inventory""}"
source_e4ef8ccdc0e89a3764abcf46,local_repo,scripts/check_aidevobserver_vscode_ext.py,,repo,repo_default_or_unknown,59baff9665523dfde76bf0fa5636b82c58f01801fa5ac22cb2b2665c4a728772,local,"{""raw_source_republish"": false}","{""source"": ""repo_code_inventory""}"
source_006cdaa183d13bd299647f57,local_repo,scripts/check_api_and_feed_seeds.py,,repo,repo_default_or_unknown,2cdf5cc0ee053d5f0ba519e029b78fc0955609eb3d5437e3ec3dc5007419dc81,local,"{""raw_source_republish"": false}","{""source"": ""repo_code_inventory""}"
source_cd85793443c8ac2cc183a5c3,local_repo,scripts/check_arch_flex.py,,repo,repo_default_or_unknown,8f7467b3615dcba40b863e6415ed562f9a28708a5b53440e23fc9330fc5eba74,local,"{""raw_source_republish"": false}","{""source"": ""repo_code_inventory""}"
source_43e2b7bf3d2660b271ad2ef5,local_repo,scripts/check_architecture_adr_coverage.py,,repo,repo_default_or_unknown,fe21ce41aa1ac67f09faf2143cdd817f7850012ae09c022b502f48197001537e,local,"{""raw_source_republish"": false}","{""source"": ""repo_code_inventory""}"
source_4f76c7f07c51e7eb67cd3f51,local_repo,scripts/check_architecture_dashboard_projection_only.py,,repo,repo_default_or_unknown,ba5b01caeebf49b2eda153d975fd81bbb1b00c9570d97d9de85658328a42c5c8,local,"{""raw_source_republish"": false}","{""source"": ""repo_code_inventory""}"
source_998c16bfb30c0bd5c221bf36,local_repo,scripts/check_artifact_security_metadata.py,,repo,repo_default_or_unknown,dfef866d9ccdfa16c2ac07c31710c516e9a9a735b8e359cc1c3531d9cae758d0,local,"{""raw_source_republish"": false}","{""source"": ""repo_code_inventory""}"
source_177cf56c27b4e8b6a3d0ed39,local_repo,scripts/check_artifact_type_registry.py,,repo,repo_default_or_unknown,75161a1088d1be2c372df224d09128b8da22cd85bc95c3137b22e3b428701d90,local,"{""raw_source_republish"": false}","{""source"": ""repo_code_inventory""}"
source_d43535c18469ffcd61987a5f,local_repo,scripts/check_auth_kit_realm_isolation.py,,repo,repo_default_or_unknown,2966e811c18be807b3f5fdbf2a9b9427586a6b44723fa25f7ca91857373c6db7,local,"{""raw_source_republish"": false}","{""source"": ""repo_code_inventory""}"
source_e817d1764d82486b52bcca06,local_repo,scripts/check_authority_rank_core_precedence.py,,repo,repo_default_or_unknown,6d613cd418f5c1389f91da7227db358b6c5dc2ea899b5ef3dbad8c3daed8c5da,local,"{""raw_source_republish"": false}","{""source"": ""repo_code_inventory""}"
source_d77d05561cc2423104f33554,local_repo,scripts/check_baltor_context_environment.py,,repo,repo_default_or_unknown,a594f9cc1e50dabfc847ce46d3c79b5e1b0e24dd5ae4f4e0f6a352e9442b5df6,local,"{""raw_source_republish"": false}","{""source"": ""repo_code_inventory""}"
source_3caa4ee1172d29b024be193b,local_repo,scripts/check_baltor_design_system.py,,repo,repo_default_or_unknown,41617947711549becae4dff4031d6f7f696cca72dac43fff139ef7e81241736d,local,"{""raw_source_republish"": false}","{""source"": ""repo_code_inventory""}"
source_d74f908c746c3470794e142a,local_repo,scripts/check_baltor_engine_hero_ui.py,,repo,repo_default_or_unknown,4e70aded9f6df99f0ec51051379e37715efdd91f88f327a52d546aa4b962b732,local,"{""raw_source_republish"": false}","{""source"": ""repo_code_inventory""}"
source_8bc35a89af193bc6303a2e0f,local_repo,scripts/check_baltor_full_stack_perfect.py,,repo,repo_default_or_unknown,f65b6df130677197279acbed56654cdbf5f609d3dd8d6c89eb081388ad7f7afe,local,"{""raw_source_republish"": false}","{""source"": ""repo_code_inventory""}"
source_24e15f0153ecc3d5c6931230,local_repo,scripts/check_baltor_governed_blackboard_demo.py,,repo,repo_default_or_unknown,b641c2781b29aeb3a921c5c8672e69194322b4871ecac1c905bed4ddee750e2b,local,"{""raw_source_republish"": false}","{""source"": ""repo_code_inventory""}"
source_95a48d55aa77f7fde1f98f8e,local_repo,scripts/check_baltor_guided_demos.py,,repo,repo_default_or_unknown,d434a4856a348eea55ec8aa81bf5568a1ee05a700e651d864dc432289348b4b6,local,"{""raw_source_republish"": false}","{""source"": ""repo_code_inventory""}"
source_4e3538f0d3ce954443694e7d,local_repo,scripts/check_beam.py,,repo,repo_default_or_unknown,872d8485a15fd36fb94ee9bd566ed6e3c52d0e3576a46c87e0c37a1fa7f32fd9,local,"{""raw_source_republish"": false}","{""source"": ""repo_code_inventory""}"
source_ed062d8b30f3566908fdb75f,local_repo,scripts/check_blackboard_contracts.py,,repo,repo_default_or_unknown,2bc8893feae26340b95c06c31d4bda5be7f29757bb059d89b0a82096082e0026,local,"{""raw_source_republish"": false}","{""source"": ""repo_code_inventory""}"
source_875ae797fa8810dd32a7723b,local_repo,scripts/check_brand_canonical.py,,repo,repo_default_or_unknown,e6286b72ccd140af193664b60890e62eda6202aca3e0e8a452b61f1c1f71b6c3,local,"{""raw_source_republish"": false}","{""source"": ""repo_code_inventory""}"
source_aa610ea0a0a86320315cbf85,local_repo,scripts/check_browser_escalation_ladder.py,,repo,repo_default_or_unknown,14ad22d293188375516e6711378ac2c256535e6e6dfa770239b895a93e51d7b3,local,"{""raw_source_republish"": false}","{""source"": ""repo_code_inventory""}"
source_34a5e8d2326aa283e3dd6ba3,local_repo,scripts/check_builder_memory_capture.py,,repo,repo_default_or_unknown,f8707b5e31cf59bb4883c01023a493e3a8cc0222582d2f1cc720b4f2ee49fcef,local,"{""raw_source_republish"": false}","{""source"": ""repo_code_inventory""}"
source_106e2d859857c9f395d7408d,local_repo,scripts/check_bundle_full_design_wiring.py,,repo,repo_default_or_unknown,2721f03c19aeb5d8860f82dcbaca5a144bb0b93a1df1dffc2dab962e8956f28a,local,"{""raw_source_republish"": false}","{""source"": ""repo_code_inventory""}"
source_6c88cfa34d8022988089fda7,local_repo,scripts/check_byo_compute.py,,repo,repo_default_or_unknown,1ed7157228f59e7494ef78433eb25db05ffd39d9b12dddc1bc2d37212091f579,local,"{""raw_source_republish"": false}","{""source"": ""repo_code_inventory""}"
source_ffcc4d85ddec7436b0c658ae,local_repo,scripts/check_candidate_open_hubs.py,,repo,repo_default_or_unknown,c6391f8baaa78c45202c7ea35c7ccd492ee9beb652ed8c67d280e49c106a452a,local,"{""raw_source_republish"": false}","{""source"": ""repo_code_inventory""}"
source_70fb6b51ed2d565a5237d9d2,local_repo,scripts/check_capability_binding_landscape.py,,repo,repo_default_or_unknown,89ac07f2ee9596fc74af28ac12c2c4352abbbb72639bddf9c6169f2b9b7b0c3f,local,"{""raw_source_republish"": false}","{""source"": ""repo_code_inventory""}"
source_8c804b8d68fc219a89d8d861,local_repo,scripts/check_capability_binding_provider.py,,repo,repo_default_or_unknown,585768055a1f7b3a938b5d3ac0f9f3066fa2d1cf20a044d898450668f4cc6b9a,local,"{""raw_source_republish"": false}","{""source"": ""repo_code_inventory""}"
source_c0e90fabc4e118ad449f152b,local_repo,scripts/check_capability_contract_examples.py,,repo,repo_default_or_unknown,17b30ccc8b5bfa266343c3026678efea9fcc137fed038526080c774bbe968226,local,"{""raw_source_republish"": false}","{""source"": ""repo_code_inventory""}"
source_a8827d5e60299fbbdf490e5d,local_repo,scripts/check_capability_implementation_registry.py,,repo,repo_default_or_unknown,d6650ba630c98d20b357b7fa0b46d042115bdd0d055b78bcef69d82d011a28ec,local,"{""raw_source_republish"": false}","{""source"": ""repo_code_inventory""}"
source_946f2512f9acc332f805574f,local_repo,scripts/check_capability_ladders.py,,repo,repo_default_or_unknown,719c0dd9fc9c624bac72ee01592ce0f97b18588f66c4095ffb426cfc0660c299,local,"{""raw_source_republish"": false}","{""source"": ""repo_code_inventory""}"
source_225fef622c3c61ba482d873b,local_repo,scripts/check_capability_planner.py,,repo,repo_default_or_unknown,ac42ec7a8297e9cddfab0cddcd155fda659e6b0ba807892bef3d0f6f3edc3773,local,"{""raw_source_republish"": false}","{""source"": ""repo_code_inventory""}"
source_0a4845348a6361375c93e864,local_repo,scripts/check_capability_pr_workflow.py,,repo,repo_default_or_unknown,3bbfebc52d3542d157cadb893a825314bb4b2db677bdf5057d98d6e231d7b052,local,"{""raw_source_republish"": false}","{""source"": ""repo_code_inventory""}"
source_4caa6b69eea0dee1554047f6,local_repo,scripts/check_capability_seeds.py,,repo,repo_default_or_unknown,f34e7380451a27614cd5940845b8f4e0dad4ab4ad702fa9991d3b27acb3bf5d9,local,"{""raw_source_republish"": false}","{""source"": ""repo_code_inventory""}"
source_32bc0f3d85447ed565f70f68,local_repo,scripts/check_capability_self_heal_on_source_change.py,,repo,repo_default_or_unknown,19fbfbb6bd89e79703904e90a2fb6ede1fdfaad890176707a7af6531add4d249,local,"{""raw_source_republish"": false}","{""source"": ""repo_code_inventory""}"
source_4aea6861e335f7090f9c76b0,local_repo,scripts/check_capability_synthesis.py,,repo,repo_default_or_unknown,f53581c148e471b606372e93992dcc3c26afb1ec0f43c3d3b4cb6531d01dd501,local,"{""raw_source_republish"": false}","{""source"": ""repo_code_inventory""}"
source_b2ed2ef0a8242d61207a5f13,local_repo,scripts/check_capability_taxonomy.py,,repo,repo_default_or_unknown,29d8994fadd05dac7ffe5f9ef0e87b78bb7160d2dc338b2d3b2db4a0f134dd1b,local,"{""raw_source_republish"": false}","{""source"": ""repo_code_inventory""}"
source_a8b947cb41752e3d70fb5da1,local_repo,scripts/check_cascade.py,,repo,repo_default_or_unknown,9f92e012a6cae081207e328eedd189916b92715c82d45833be97980e99b475bd,local,"{""raw_source_republish"": false}","{""source"": ""repo_code_inventory""}"
source_90fef76252c7373c9c72a297,local_repo,scripts/check_cascade_measurement.py,,repo,repo_default_or_unknown,87bdd0e80aaa0be9e4cd7d655010194365a62403f462e14904ef62556dcba4a7,local,"{""raw_source_republish"": false}","{""source"": ""repo_code_inventory""}"
source_09cd43a3474b6685cf46d48e,local_repo,scripts/check_cfpb_artifact_graph_demo.py,,repo,repo_default_or_unknown,c6233167f121a6dc96e1a10f23becc0b5e536926e70b838b4d4476c3a6dbfe02,local,"{""raw_source_republish"": false}","{""source"": ""repo_code_inventory""}"
source_05da726767544917198538ca,local_repo,scripts/check_cfpb_artifact_ledger.py,,repo,repo_default_or_unknown,5fb46fa67c8ef5a655824b27bad46ced2e545d1286d7e403b0777e0f1479463d,local,"{""raw_source_republish"": false}","{""source"": ""repo_code_inventory""}"
source_74479c4a0615d0388c733b0b,local_repo,scripts/check_cfpb_conflict_detection.py,,repo,repo_default_or_unknown,f2333b26ae6ae01239eaf3e895582cb274616ebf3a710323173f0ade410039de,local,"{""raw_source_republish"": false}","{""source"": ""repo_code_inventory""}"
source_b25a678b8f64659f61158859,local_repo,scripts/check_cfpb_decompose_via_harness.py,,repo,repo_default_or_unknown,787ffb4ca826e8c3c3b0a53815116ac40503cf57c60365dc6a7d81809b5d3bcb,local,"{""raw_source_republish"": false}","{""source"": ""repo_code_inventory""}"
source_2238ec7c55223f9cb4a416f3,local_repo,scripts/check_cfpb_deterministic_graph.py,,repo,repo_default_or_unknown,f1cb5453ef1bb6cb0b3df1b6028d9a7d9d61a62bf0909bd9f3ee907f68a2ccee,local,"{""raw_source_republish"": false}","{""source"": ""repo_code_inventory""}"
source_d3afded80f501d4261492143,local_repo,scripts/check_cfpb_lossless_distillation.py,,repo,repo_default_or_unknown,3c7220eb3979e55357d86308e3fc39c9fcde53e3e3a71045035d9aa61c212bbb,local,"{""raw_source_republish"": false}","{""source"": ""repo_code_inventory""}"
source_50e75c0773e16eb800e8acff,local_repo,scripts/check_cfpb_multi_grain_artifacts.py,,repo,repo_default_or_unknown,3462689ae52ca460e32bbc951af42b3ad2ee6322a6d3e4773f8f0c9d24fed174,local,"{""raw_source_republish"": false}","{""source"": ""repo_code_inventory""}"
source_33e50c8591a40df1690b8d0a,local_repo,scripts/check_cfpb_reconciliation.py,,repo,repo_default_or_unknown,0ead6b7c144f86f74dafd1df7d18a3177b35b51b145ea8ca51b1224a57a4c233,local,"{""raw_source_republish"": false}","{""source"": ""repo_code_inventory""}"
source_7c807c2a745e9f346985c93a,local_repo,scripts/check_cfpb_reconciliation_rule_distillation.py,,repo,repo_default_or_unknown,e5dc6fb9804238cd9de9b231456705d5e0b18cd77e519ddc3be0b64ef6429ff1,local,"{""raw_source_republish"": false}","{""source"": ""repo_code_inventory""}"
source_2ccfcc30d925576098d1a268,local_repo,scripts/check_cfpb_source_graph_diff.py,,repo,repo_default_or_unknown,8db8427054cf31fb40af240175a332a842e12d907a9698e265baba9cc736400a,local,"{""raw_source_republish"": false}","{""source"": ""repo_code_inventory""}"
source_fe083053af045e5dd0a27c7a,local_repo,scripts/check_cfpb_to_consumption_end_to_end.py,,repo,repo_default_or_unknown,09f8d9955b6fb1b8f6999ee1b1831c538f03948fb2bfed480587212b6addf22e,local,"{""raw_source_republish"": false}","{""source"": ""repo_code_inventory""}"
source_31c18d82e7cf975ef30c2854,local_repo,scripts/check_cfpb_vectorization.py,,repo,repo_default_or_unknown,c124d7e5a277513c06f985edda44dae4993c696c61b7184752166dd769e49e43,local,"{""raw_source_republish"": false}","{""source"": ""repo_code_inventory""}"
source_83c757b3b91194f400b71b7e,local_repo,scripts/check_chatbot_guardrail_audit.py,,repo,repo_default_or_unknown,3f5a53a609667dc5cb55a461dd8f69f77bc8f2ec0a9d06baee957689e4c3af5d,local,"{""raw_source_republish"": false}","{""source"": ""repo_code_inventory""}"
source_8c652d7e8ff5db6f69974fef,local_repo,scripts/check_cloud_agnostic_execution.py,,repo,repo_default_or_unknown,95199e4113c32e4ae50c397593863d503d0a2a6c99d586ec4a0077fe4a9d8c06,local,"{""raw_source_republish"": false}","{""source"": ""repo_code_inventory""}"
source_79fa9a84830c3e36f771dad1,local_repo,scripts/check_cloudflare_url_handoff.py,,repo,repo_default_or_unknown,fec4aeace3de467675238829fa1e5e6d43edef1968622d13dfa35deb51b25be9,local,"{""raw_source_republish"": false}","{""source"": ""repo_code_inventory""}"
source_411217ad4f55d59d3397fc2c,local_repo,scripts/check_cmem2_delta_inventory.py,,repo,repo_default_or_unknown,66d6f0180e55abae2f5fcf312d58c82f481ee6766e1abe5b693189da78301d99,local,"{""raw_source_republish"": false}","{""source"": ""repo_code_inventory""}"
source_65df689a1472edae4ab8a8e9,local_repo,scripts/check_combined_code_intelligence_systems.py,,repo,repo_default_or_unknown,664c77754720eee066aabd1a22daa407e91b4e16a2ba6df871cafe300c9598a6,local,"{""raw_source_republish"": false}","{""source"": ""repo_code_inventory""}"
source_c26e647a3d0c21747431019b,local_repo,scripts/check_company_portfolio_boundaries.py,,repo,repo_default_or_unknown,092c988e42322d3eb36019f98f70b51d1699ce6c3f297fd41a5e419cfcee3ff6,local,"{""raw_source_republish"": false}","{""source"": ""repo_code_inventory""}"
source_9f2176506a4bbcba1afa4c0b,local_repo,scripts/check_competitive_provider_mappings.py,,repo,repo_default_or_unknown,b009b65d08700565b4e3592b238c709c3099b6acd10f52dda07f17d5ef8aeaa2,local,"{""raw_source_republish"": false}","{""source"": ""repo_code_inventory""}"
source_596a479ed4c75fa4b698ccca,local_repo,scripts/check_component_flow_diagram.py,,repo,repo_default_or_unknown,ed5681bb725ba5865c7a1e2a45ce2bafad2abc89b0810915f1a8a92b38cb21d1,local,"{""raw_source_republish"": false}","{""source"": ""repo_code_inventory""}"
source_3354810fc55ef3c08b3502e3,local_repo,scripts/check_component_search.py,,repo,repo_default_or_unknown,04bd3ed34cf9c2d9c891bc0e150e396898c0cdacb84a4c2ff8c9f3486413b295,local,"{""raw_source_republish"": false}","{""source"": ""repo_code_inventory""}"
source_b8de65d8e215f77b0f9e3e70,local_repo,scripts/check_component_standardization.py,,repo,repo_default_or_unknown,f93afa4f44da4564cb945756a1484570fa1db31d03504cb52a76d2888e060249,local,"{""raw_source_republish"": false}","{""source"": ""repo_code_inventory""}"
source_c7f540bfd2f29c18ddd3975d,local_repo,scripts/check_configuration_standards.py,,repo,repo_default_or_unknown,14678a72a882f62b1aecba0eacd90f3c8666629d50ff0d92922b92bf2d04cba6,local,"{""raw_source_republish"": false}","{""source"": ""repo_code_inventory""}"
source_4a8411a5c52f71eba6692352,local_repo,scripts/check_consensus_recorder.py,,repo,repo_default_or_unknown,d7c803749349aa137f5ccd19136df4c40ad6a222d8ecf943663eb86aebad178f,local,"{""raw_source_republish"": false}","{""source"": ""repo_code_inventory""}"
source_5e77556af387341f75a82d86,local_repo,scripts/check_consumption_api.py,,repo,repo_default_or_unknown,25a604b6b7e46a8914e682422fdb377f01c7da7b61add30bb41dd2d11d340d8c,local,"{""raw_source_republish"": false}","{""source"": ""repo_code_inventory""}"
source_e66ba2798a4da2c34505e2f9,local_repo,scripts/check_consumption_blocks_bad_artifacts.py,,repo,repo_default_or_unknown,874bdfaecf10af79616bf95fe83475dd9537dda3b74b29fae1f8aed31dcb46cd,local,"{""raw_source_republish"": false}","{""source"": ""repo_code_inventory""}"
source_b598d8513d831731a28e0089,local_repo,scripts/check_consumption_service.py,,repo,repo_default_or_unknown,f8c54bf1c5eefe272432f460893bc5dc248770ddecb3aca0e7592751f5f91225,local,"{""raw_source_republish"": false}","{""source"": ""repo_code_inventory""}"
source_717e191d2f4b1614a41a3f9b,local_repo,scripts/check_consumption_ui.py,,repo,repo_default_or_unknown,b6beded7d1553b5257efa869c627be0f6dc39c621485f8fd3f5e03da3ed7a396,local,"{""raw_source_republish"": false}","{""source"": ""repo_code_inventory""}"
source_b4432930a5389d5fb2c9ab3d,local_repo,scripts/check_consumption_worker_command.py,,repo,repo_default_or_unknown,d381b6a37ea15f94dbcd53c387faf5a4a0d980de20e17b1167a795b0c91c0025,local,"{""raw_source_republish"": false}","{""source"": ""repo_code_inventory""}"
source_79ff9c7d0f2b5de51f16464f,local_repo,scripts/check_context_audit_bridge.py,,repo,repo_default_or_unknown,55f79960c1f0525dad438f97b9589447f8d249cc9e9e48a142f1cd5b85d51569,local,"{""raw_source_republish"": false}","{""source"": ""repo_code_inventory""}"
source_332a4dad554018397efd8246,local_repo,scripts/check_context_audit_in_pipeline.py,,repo,repo_default_or_unknown,d5f200b6b855fd5be161f069b9c07580cf48d93bc6b9d52c80bd2c9a2f599863,local,"{""raw_source_republish"": false}","{""source"": ""repo_code_inventory""}"
source_ce3f8c314b5f7febdb2e88cc,local_repo,scripts/check_context_auditor.py,,repo,repo_default_or_unknown,593afcf4436df269e238da472667bea9d7c0865eb6ffd451a9e37b168b617d4b,local,"{""raw_source_republish"": false}","{""source"": ""repo_code_inventory""}"
source_902edb8e8909d73b79bc3d41,local_repo,scripts/check_context_compression_catalog.py,,repo,repo_default_or_unknown,58e094557b78805ca4e8e103407705f7b488dfe1dffdad442351e0207001beac,local,"{""raw_source_republish"": false}","{""source"": ""repo_code_inventory""}"
source_4589c49ae00a033457f4abf4,local_repo,scripts/check_context_compressor.py,,repo,repo_default_or_unknown,f3948a113288e98cdc678c35754eaeb0c20872106e6c499821076d0187d773a1,local,"{""raw_source_republish"": false}","{""source"": ""repo_code_inventory""}"
source_639f60a58dc120d8143c2e24,local_repo,scripts/check_context_engineering_patterns.py,,repo,repo_default_or_unknown,f70b52d8efaa333047d737e38408c9bb0bcb3b33ec063dfcf036bbcf49fb8118,local,"{""raw_source_republish"": false}","{""source"": ""repo_code_inventory""}"
source_055be9560cac4cb2baa7a0c2,local_repo,scripts/check_context_engineering_tool_catalog.py,,repo,repo_default_or_unknown,2a617f4aa83e4f2bc02fa3565d6480890d5ed1ec32416a1268469c861fc41a24,local,"{""raw_source_republish"": false}","{""source"": ""repo_code_inventory""}"
source_c95259a81dab4a1b7a4b150f,local_repo,scripts/check_context_freshness.py,,repo,repo_default_or_unknown,c88bb77af6561afde3143e8e8037b5ca0efcc2a638010a13c2c24cc7d74f394c,local,"{""raw_source_republish"": false}","{""source"": ""repo_code_inventory""}"
source_d135c910922ee8e4fe5c4c31,local_repo,scripts/check_context_object_audit.py,,repo,repo_default_or_unknown,2e9b70d04adc6064fa6e699498fc844147498e6ff21a911316305609129ccccb,local,"{""raw_source_republish"": false}","{""source"": ""repo_code_inventory""}"
source_484c7a9555827b8912f6dba8,local_repo,scripts/check_context_optimizer.py,,repo,repo_default_or_unknown,19653b99e37392015f8777d52eb71e1950bd1f9459dbbe9fb374090241b69215,local,"{""raw_source_republish"": false}","{""source"": ""repo_code_inventory""}"
source_e2bd118b1aedc42f0eabd660,local_repo,scripts/check_context_provider_catalog.py,,repo,repo_default_or_unknown,de86d8a5ed8d82f3cdad95ee5e203366278ad2541d6e1493b826af97c018bde2,local,"{""raw_source_republish"": false}","{""source"": ""repo_code_inventory""}"
source_7fdc5c82bbcf3843496680cf,local_repo,scripts/check_context_response_retrieval_api.py,,repo,repo_default_or_unknown,1e9d78db32255569c6a4cd6c3c86b3a30014c60ad9fe1e232d9b9ec9452739de,local,"{""raw_source_republish"": false}","{""source"": ""repo_code_inventory""}"
source_12cd53fa622f349dac93402f,local_repo,scripts/check_context_surfaces_index.py,,repo,repo_default_or_unknown,0c46d26ef7d9de2954f6ffea2aff3d3bb6439baf4dcafad6621e5bdde084dc45,local,"{""raw_source_republish"": false}","{""source"": ""repo_code_inventory""}"
source_d2be93600c9f1edc3247b3ff,local_repo,scripts/check_contextops_cfpb_reference.py,,repo,repo_default_or_unknown,59dfedb4d9dc18be61f7557d32b6f3fe84006bf4ba7f7c804e1f3061b6d23a3e,local,"{""raw_source_republish"": false}","{""source"": ""repo_code_inventory""}"
source_19e3b4d9ffaa64bbcb943f2c,local_repo,scripts/check_contextops_contracts.py,,repo,repo_default_or_unknown,72dda7eed24c08042efc2cfe3f403ca74db11be1f52b6081c7e6ad8bea27c9dd,local,"{""raw_source_republish"": false}","{""source"": ""repo_code_inventory""}"
source_50b0be4b781a79b8e5ad8569,local_repo,scripts/check_contextops_cost_reduction.py,,repo,repo_default_or_unknown,d070e899fb31b8b5dfd931cd9ed69484fe8f951787e44c3166b50d626e153f91,local,"{""raw_source_republish"": false}","{""source"": ""repo_code_inventory""}"
source_1e31fe27bc1b632815fe39b7,local_repo,scripts/check_contextops_cross_source_confirmation.py,,repo,repo_default_or_unknown,c9ff04601c13f0734689a773aa46fe9ce950d4758114f633e225ff69fa533ec4,local,"{""raw_source_republish"": false}","{""source"": ""repo_code_inventory""}"
source_727fb65588a4808b2bb9e66d,local_repo,scripts/check_contextops_extractor_snippets.py,,repo,repo_default_or_unknown,a38aaf468853d21acd1986ee808f927c7ab2926d439375dcc8d67346691a78ec,local,"{""raw_source_republish"": false}","{""source"": ""repo_code_inventory""}"
source_377cc527083de9ecf4ae127e,local_repo,scripts/check_contextops_full_stack.py,,repo,repo_default_or_unknown,82fd671fbad379daa47e35681c727c1bacf2244dc072991fe48d0af60f7ad62d,local,"{""raw_source_republish"": false}","{""source"": ""repo_code_inventory""}"
source_dcd2720c1287e5683f38363d,local_repo,scripts/check_contextops_redteam.py,,repo,repo_default_or_unknown,2c55767ebe01a9f3807c6de903732eeb3b8cd41e1c4186903aecdb6616775376,local,"{""raw_source_republish"": false}","{""source"": ""repo_code_inventory""}"
source_194bab0386906feefda712d0,local_repo,scripts/check_contextops_reliability_scoring.py,,repo,repo_default_or_unknown,7fa74f00b8a3cf2e9313eac000bfb276dc1a70eeac9178dc7d9abe59999236f2,local,"{""raw_source_republish"": false}","{""source"": ""repo_code_inventory""}"
source_dee3be5fa144a33226478365,local_repo,scripts/check_contextops_research_agent_provider.py,,repo,repo_default_or_unknown,87b34a85f2232c24c4476c1948166b921e9f132082f1e452ab96ea7c7867c25b,local,"{""raw_source_republish"": false}","{""source"": ""repo_code_inventory""}"
source_b5e8fa934d359b86ef539a17,local_repo,scripts/check_contextops_sandbox_gate.py,,repo,repo_default_or_unknown,21ac053c3992ffae96dcf73a0ba7876b2766761f08a300fce829c3418729a24b,local,"{""raw_source_republish"": false}","{""source"": ""repo_code_inventory""}"
source_e547777f1302596363aea70a,local_repo,scripts/check_contextops_source_discovery.py,,repo,repo_default_or_unknown,d9052ec37b7dc99dc63b1e5276ecba3f843b1ab674f059c9514d80b752216a8c,local,"{""raw_source_republish"": false}","{""source"": ""repo_code_inventory""}"
source_08b12d3a6f3b4c516978d91d,local_repo,scripts/check_contextops_source_recipe.py,,repo,repo_default_or_unknown,f00693d9f9434cb806b016bbc181141da42450f271750cecddbedd3cd62c55d7,local,"{""raw_source_republish"": false}","{""source"": ""repo_code_inventory""}"
source_c813d5a519588d7a78cb9bec,local_repo,scripts/check_contextops_triage.py,,repo,repo_default_or_unknown,3496ded625987a2fa5da4f8a909f88e73c4a1a4668f57b0e44663ce7c930ed38,local,"{""raw_source_republish"": false}","{""source"": ""repo_code_inventory""}"
source_f52aff9c25a85a00c5fe1b29,local_repo,scripts/check_contextops_verification_recipe.py,,repo,repo_default_or_unknown,251b7ff1cc7a7301827a7a336480f38a1af9644cc9d4433c62788a9226383c66,local,"{""raw_source_republish"": false}","{""source"": ""repo_code_inventory""}"
source_2249a31850871caaa923c103,local_repo,scripts/check_contract_registry_manifest.py,,repo,repo_default_or_unknown,9a92ee1717bf17223402dbb6c8c44cd62d3a6a382d4231ca481eee3dbb65e26c,local,"{""raw_source_republish"": false}","{""source"": ""repo_code_inventory""}"
source_67b9613b4939d76218b4e9fc,local_repo,scripts/check_control_plane_tick.py,,repo,repo_default_or_unknown,0f9d75f02656ddfa2bdf0bf013c6681b968974460b09cbb8e429bb269fe9c663,local,"{""raw_source_republish"": false}","{""source"": ""repo_code_inventory""}"
source_659894c9d2d09db0e3fd2654,local_repo,scripts/check_credential_registry.py,,repo,repo_default_or_unknown,f2a2863b0cbdcfd2a7c6bb38c773310bb2e7e142aa0d845180d04982edca76a9,local,"{""raw_source_republish"": false}","{""source"": ""repo_code_inventory""}"
source_099d8accc89cbc4b73422b26,local_repo,scripts/check_current_state_freshness.py,,repo,repo_default_or_unknown,18a01945a95d7428c4d5358223bd165891b511ecc18001d31008865bda961f44,local,"{""raw_source_republish"": false}","{""source"": ""repo_code_inventory""}"
source_8682878f13980fc293e33c5c,local_repo,scripts/check_dag_contract.py,,repo,repo_default_or_unknown,e4ce8b167ddc710411729f2d9d3129e4feb6f3ca0a627dde0fba6c01ce3ca5fc,local,"{""raw_source_republish"": false}","{""source"": ""repo_code_inventory""}"
source_38c18793083cd662cb3e7307,local_repo,scripts/check_dag_pipeline.py,,repo,repo_default_or_unknown,25b1345268545d356eb08d91a04ce2dc4ada8b90bff7b6f2a97fa652869bc6e2,local,"{""raw_source_republish"": false}","{""source"": ""repo_code_inventory""}"
source_da6ab11579991afd62dfa2ed,local_repo,scripts/check_default_brain_policy.py,,repo,repo_default_or_unknown,eea4ac76ad4d1c4ad304e44db73a0d62a62494ca94d0d9886e6f0ae631ef6451,local,"{""raw_source_republish"": false}","{""source"": ""repo_code_inventory""}"
source_b696b815bda3fba6ae2c3859,local_repo,scripts/check_demo_console_links.py,,repo,repo_default_or_unknown,b33049e15a4340aac388a6d10c038ed6ad591260d3f2403fe9c1effe7c8c9ce6,local,"{""raw_source_republish"": false}","{""source"": ""repo_code_inventory""}"
source_47b2be8734fb41f5920a9178,local_repo,scripts/check_demo_control_tower.py,,repo,repo_default_or_unknown,47500e150063cd3a8c1a66c3035b45690cdada0a64c9804add82a174bf9d8fe9,local,"{""raw_source_republish"": false}","{""source"": ""repo_code_inventory""}"
source_0b2af61b7ba63e5699fb96c7,local_repo,scripts/check_demo_esg_pipeline_no_hang.py,,repo,repo_default_or_unknown,082eabe7abdd6fba6d76c30e759894bd84860bce81bd5621a7208aa6d58010a9,local,"{""raw_source_republish"": false}","{""source"": ""repo_code_inventory""}"
source_ee68d7193e83aeee6f58f2f6,local_repo,scripts/check_descent_attempt_store.py,,repo,repo_default_or_unknown,6671ade1642c82de336511daa9efac939fada56b3dfed195f0ed89911a7f767f,local,"{""raw_source_republish"": false}","{""source"": ""repo_code_inventory""}"
source_c19ef269356d1b32ad62d847,local_repo,scripts/check_descent_method_catalog.py,,repo,repo_default_or_unknown,91224735267cf18a0a66a3ec17a0ab15c1c137c28499e6ffeb9ba1f616293937,local,"{""raw_source_republish"": false}","{""source"": ""repo_code_inventory""}"
source_723d4393492455dd5ffd7364,local_repo,scripts/check_design_tokens.py,,repo,repo_default_or_unknown,22db8f4f06cfa5ae9a0e93c568847378b05988aafb001af6385205c789ed7f93,local,"{""raw_source_republish"": false}","{""source"": ""repo_code_inventory""}"
source_963ca50370bffa5ab6642550,local_repo,scripts/check_determinism_api.py,,repo,repo_default_or_unknown,cb55183faa381041649762b2f82b22cd07dbddbba1e5a2e5779ac0c81711797a,local,"{""raw_source_republish"": false}","{""source"": ""repo_code_inventory""}"
source_8ec3e4faecfbedc9e69d1123,local_repo,scripts/check_determinism_contracts.py,,repo,repo_default_or_unknown,5aa9e5cb8137b7d5d87808eea1048ab18f8874581cd9708a4ccf07706e900cb8,local,"{""raw_source_republish"": false}","{""source"": ""repo_code_inventory""}"
source_587e1b32a39d3cbae97fbbfd,local_repo,scripts/check_determinism_full_stack.py,,repo,repo_default_or_unknown,85c9033afcc61c961cd4854117c09ef631d2749d84325a24ef2ce56f3fd71f39,local,"{""raw_source_republish"": false}","{""source"": ""repo_code_inventory""}"
source_bf427d7a2140087823fdf5d4,local_repo,scripts/check_determinism_pattern_miner.py,,repo,repo_default_or_unknown,b6a4bdd85ce0e4e1473b15e8670d2e38410d0b06e4944421964355c857ba7dfe,local,"{""raw_source_republish"": false}","{""source"": ""repo_code_inventory""}"
source_5c57c7c78d771a52ef738515,local_repo,scripts/check_determinism_redteam.py,,repo,repo_default_or_unknown,8f135cb6cccd8b284588e8e6b96d750c013b8596063de8459e25646db3456c17,local,"{""raw_source_republish"": false}","{""source"": ""repo_code_inventory""}"
source_4bf895f75a6120f67626d353,local_repo,scripts/check_determinism_ui.py,,repo,repo_default_or_unknown,d7e5238aa5701008e502329516553f51f2af214b581da9058a25a897125c71aa,local,"{""raw_source_republish"": false}","{""source"": ""repo_code_inventory""}"
source_944a2e3668907309627ab96d,local_repo,scripts/check_deterministic_rule_fallback.py,,repo,repo_default_or_unknown,e2f8567f5cd36614f545abb3bd39195b635ad65e56dfb573a3a189a09088d492,local,"{""raw_source_republish"": false}","{""source"": ""repo_code_inventory""}"
source_fce89ff740c361328b794bfa,local_repo,scripts/check_digestion_open_hub_outputs.py,,repo,repo_default_or_unknown,a751b0bbf8d26d70965ae4456a299dc8c3d842e3a8268837ccc3eb5530d9f185,local,"{""raw_source_republish"": false}","{""source"": ""repo_code_inventory""}"
source_59bfa6aba2ead98627a52bca,local_repo,scripts/check_discovery_pipeline.py,,repo,repo_default_or_unknown,06d5bc8af4341278b900276579628efc527fc8c91f311216f9ea4c3fcea8e0f0,local,"{""raw_source_republish"": false}","{""source"": ""repo_code_inventory""}"
source_8a4211151b05359a7ddec450,local_repo,scripts/check_distillation_rehydration.py,,repo,repo_default_or_unknown,40ea0fc600fa99ef13991b9becead7d20d34dc6a268590d2288513879efc83af,local,"{""raw_source_republish"": false}","{""source"": ""repo_code_inventory""}"
source_43b0275dc5961c222da78e62,local_repo,scripts/check_distillation_rollback.py,,repo,repo_default_or_unknown,2d2eb84ada6b3ccaf5c5f42e425c502d0588672f90a9de77a0163ce6442b6054,local,"{""raw_source_republish"": false}","{""source"": ""repo_code_inventory""}"
source_f3f0661aae123f4d5f7d3f38,local_repo,scripts/check_document_extraction_cascade.py,,repo,repo_default_or_unknown,3cd93229bad9fcbaa08b8cfef6c6300da104821028ece6971f6a9948a7b9b5dc,local,"{""raw_source_republish"": false}","{""source"": ""repo_code_inventory""}"
source_ff67dfe42370d0bd0f457e0c,local_repo,scripts/check_documentation_coverage.py,,repo,repo_default_or_unknown,9e07aa336fb009b0637f2c376c5daceac27b607e2bbc8935cfdb453919d77f4a,local,"{""raw_source_republish"": false}","{""source"": ""repo_code_inventory""}"
source_b766fb53b934bdc00321b167,local_repo,scripts/check_durable_fleet_ledger.py,,repo,repo_default_or_unknown,0a315452bcf99216dc3eb973e24e5a4354ff62d22dffa85dce8fe6ec39154e98,local,"{""raw_source_republish"": false}","{""source"": ""repo_code_inventory""}"
source_9644d9e9e8d33425d2cc3dd9,local_repo,scripts/check_durable_http_enqueue_drain.py,,repo,repo_default_or_unknown,01f0e5dfb1368397237cdee886d77367631e820a7243be42bc52c6aca97aa9ae,local,"{""raw_source_republish"": false}","{""source"": ""repo_code_inventory""}"
source_23aac0c9df0f3dbf3e5954d1,local_repo,scripts/check_durable_queue_crash_recovery.py,,repo,repo_default_or_unknown,5dc5827e5fb177f9497eac36ee7f1405f0a022ae388716e877ff1fef198b8fc0,local,"{""raw_source_republish"": false}","{""source"": ""repo_code_inventory""}"
source_c00be8dc06db923a751cb2d2,local_repo,scripts/check_durable_restart_survival.py,,repo,repo_default_or_unknown,3185aa9b0ef3e5f22e77156177009ec04cb88580f3399f7f57f8165344df8ba9,local,"{""raw_source_republish"": false}","{""source"": ""repo_code_inventory""}"
source_3bfcd2f3304c996de2995eac,local_repo,scripts/check_durable_worker_parallel.py,,repo,repo_default_or_unknown,9fd5a93083ce5b7825573a23f5b87702c6050d5c61893c6e87669c397fd4ea3d,local,"{""raw_source_republish"": false}","{""source"": ""repo_code_inventory""}"
source_48cc4f9f687c2dd2b3e3fd9d,local_repo,scripts/check_economic_layer.py,,repo,repo_default_or_unknown,be54d812116d071c3681009018b125ffd120741a37ed45a0806756289ca46c63,local,"{""raw_source_republish"": false}","{""source"": ""repo_code_inventory""}"
source_3a97c8ed19e992c280b824f8,local_repo,scripts/check_embedding_port.py,,repo,repo_default_or_unknown,ca2d4b89afdfe081238de3bb103e117ca9af8bc53075cb95565dd1caa02e3789,local,"{""raw_source_republish"": false}","{""source"": ""repo_code_inventory""}"
source_318bed37ce21e0b9126b31c1,local_repo,scripts/check_entitlements_wiring.py,,repo,repo_default_or_unknown,fc5fa8b4f1e179b601277fed9c1abcb744a7da96eb6b8a3731d404ac6dd59afe,local,"{""raw_source_republish"": false}","{""source"": ""repo_code_inventory""}"
source_7e178a1d5ed9ab738cc7a069,local_repo,scripts/check_entity_resolver.py,,repo,repo_default_or_unknown,03c84ba7ea8b54bc293dde13fa10f553557582a64cf26dd6036aae59865aa9ee,local,"{""raw_source_republish"": false}","{""source"": ""repo_code_inventory""}"
source_c70df7bba119eae367f9fe94,local_repo,scripts/check_equivalence.py,,repo,repo_default_or_unknown,1c674d4e37ddab89f3e29f34d7270999c6a736db4c744c54f08c335fe73e0772,local,"{""raw_source_republish"": false}","{""source"": ""repo_code_inventory""}"
source_2ac9a5f46aa88d15baaae3cd,local_repo,scripts/check_eval_promotion_io.py,,repo,repo_default_or_unknown,50c981728eb49d9d7229b6871a318deb36c0bb27f2e3bd43abcbba6f2e5686b1,local,"{""raw_source_republish"": false}","{""source"": ""repo_code_inventory""}"
source_eeab7a94fae7334fd5a5a0db,local_repo,scripts/check_eval_suite_contract.py,,repo,repo_default_or_unknown,09d156c647038a52825b6999361bcca7bff25a522cd35870421997cc2b054c96,local,"{""raw_source_republish"": false}","{""source"": ""repo_code_inventory""}"
source_8275f00c271e3817c6776a8d,local_repo,scripts/check_event_envelope.py,,repo,repo_default_or_unknown,31ea2aea1a36f66e128535e6bbdab5adfb3550cbe15f681ff3f27c66f777f95f,local,"{""raw_source_republish"": false}","{""source"": ""repo_code_inventory""}"
source_4352d653090e1c444aa0f6c2,local_repo,scripts/check_event_integration.py,,repo,repo_default_or_unknown,c8fb19d857317762098ef492a9ab1cf18aedfcfea078829fdf8a28a3fa31445c,local,"{""raw_source_republish"": false}","{""source"": ""repo_code_inventory""}"
source_bce1ba61d0aa0864c5d83628,local_repo,scripts/check_events_beacon_wiring.py,,repo,repo_default_or_unknown,d09e01508c187d4fdb83d865dfe12d59d561d485b3b35469e2337b227d143de2,local,"{""raw_source_republish"": false}","{""source"": ""repo_code_inventory""}"
source_565bf623705f4daa81dae4cc,local_repo,scripts/check_examples_video_verifier.py,,repo,repo_default_or_unknown,6e096fb03b4aa3ad4e12957809436fd9ba8aef0383148323d479c1092ef3c0ef,local,"{""raw_source_republish"": false}","{""source"": ""repo_code_inventory""}"
source_01e1806a90997301dbe6c367,local_repo,scripts/check_execution_backend_policy_matrix.py,,repo,repo_default_or_unknown,e62ed6fb65b6e248bd53f23b5d7b1501a0e0835fefa93a427d741a102fcdea86,local,"{""raw_source_republish"": false}","{""source"": ""repo_code_inventory""}"
source_578f0df71d6edba9a0b9e596,local_repo,scripts/check_execution_backend_redteam.py,,repo,repo_default_or_unknown,efe4773b44e6558b28612ec6b8567367547c76c1d342c9453e0622b38fe8c030,local,"{""raw_source_republish"": false}","{""source"": ""repo_code_inventory""}"
source_053bd8851a4c768f0e50fe2f,local_repo,scripts/check_execution_backend_selector.py,,repo,repo_default_or_unknown,5cdbacc1da2f0b4ad04a62ef1fb77fe7f1bc21fb7e6af680c258c1712838c533,local,"{""raw_source_republish"": false}","{""source"": ""repo_code_inventory""}"
source_c23c401fd933ac10a029c2f9,local_repo,scripts/check_execution_dispatch_fail_loud.py,,repo,repo_default_or_unknown,d692350ea888834712ec1a735fa1aa7b83de0f5a8ee505ff556f9f7dfc547896,local,"{""raw_source_republish"": false}","{""source"": ""repo_code_inventory""}"
source_83ec51ec2ad5c8aae7d7d549,local_repo,scripts/check_execution_provider_factory.py,,repo,repo_default_or_unknown,52cf78e19460b856f00c52e2eefe4b762523b2da93b7ba5b7aad243870872418,local,"{""raw_source_republish"": false}","{""source"": ""repo_code_inventory""}"
source_7110d5763324a2e2345258a2,local_repo,scripts/check_experiments_isolation.py,,repo,repo_default_or_unknown,0933a411f648357f7c38094e0a68335ceb27415e3537e81f47c6fcb50e8e5ce4,local,"{""raw_source_republish"": false}","{""source"": ""repo_code_inventory""}"
source_73951a038b9033d20c9fcdcc,local_repo,scripts/check_external_api_registry.py,,repo,repo_default_or_unknown,a28a98e56c68eaab72bb0060f0c14180545b7fcc66cdb496eb484bed4d3d39a5,local,"{""raw_source_republish"": false}","{""source"": ""repo_code_inventory""}"
source_44ef98f29c53aec2f0fb32f5,local_repo,scripts/check_external_capability_catalog.py,,repo,repo_default_or_unknown,3851ef920d5f527d18bf82a73f87da44db2d0202a4d0814087c488ca7ecd4591,local,"{""raw_source_republish"": false}","{""source"": ""repo_code_inventory""}"
source_a5fda100ff719e1714af6589,local_repo,scripts/check_file_layout_policy.py,,repo,repo_default_or_unknown,5eb11d7e36e7b558f4428c6c3555af40abd5f6ae4a49076d906bda0479885116,local,"{""raw_source_republish"": false}","{""source"": ""repo_code_inventory""}"
source_7bace1944467a24f16dc9a86,local_repo,scripts/check_flagged_tools_not_reintroduced.py,,repo,repo_default_or_unknown,46e008a7833f9afacb7575f12e388b4b07aabef0a5cde187df750bae12520ca3,local,"{""raw_source_republish"": false}","{""source"": ""repo_code_inventory""}"
source_446bdf99c40c153d7bdf7f7e,local_repo,scripts/check_fleet_execution_projection.py,,repo,repo_default_or_unknown,69518af7df454cd4da74138871da0907033cc17d4fcdae24cca0dc1c1dc1d15d,local,"{""raw_source_republish"": false}","{""source"": ""repo_code_inventory""}"
source_1278bc6f04a8c2b494a140f2,local_repo,scripts/check_flywheel_parallelism.py,,repo,repo_default_or_unknown,2748fc6774c0273c623eea6ff84ccafec711f55235bf4c9e8d12730620495ec0,local,"{""raw_source_republish"": false}","{""source"": ""repo_code_inventory""}"
source_8e629add8f1c0a216a445efe,local_repo,scripts/check_flywheel_subprocess_pythonpath.py,,repo,repo_default_or_unknown,50899737b748d7d7b2733f35c8291ed2da6b13d4ec7a88bcec90bc48b66e0cd9,local,"{""raw_source_republish"": false}","{""source"": ""repo_code_inventory""}"
source_5340bce7a37c6273b1e54364,local_repo,scripts/check_flywheel_supervisor_failover.py,,repo,repo_default_or_unknown,3bcd748d590d36314831a6ee32b0d587a6c0a7a4a7a93ea84645b0c44bbf0322,local,"{""raw_source_republish"": false}","{""source"": ""repo_code_inventory""}"
source_82c435e3344d64590d7f88cb,local_repo,scripts/check_flywheel_supervisor_idempotent_decisions.py,,repo,repo_default_or_unknown,ba7e7212c687e519a87af1b3d086e14492a53ae544026a007028c46c3fb896ef,local,"{""raw_source_republish"": false}","{""source"": ""repo_code_inventory""}"
source_d3c6140ebdae459bf46ecb11,local_repo,scripts/check_flywheel_supervisor_keda_mapping.py,,repo,repo_default_or_unknown,c9cce36050bb0f4d93be92b0f3e9f55d7d39e31a469ada0832e37cfee75fa4e3,local,"{""raw_source_republish"": false}","{""source"": ""repo_code_inventory""}"
source_4840cd8473b4926d93236346,local_repo,scripts/check_flywheel_supervisor_lag_metrics.py,,repo,repo_default_or_unknown,fb1ff45362777d5569a745aa337e91c3da5fbf8ef4e3f7831fafb83f78b67750,local,"{""raw_source_republish"": false}","{""source"": ""repo_code_inventory""}"
source_dcd1e3ab03fadcd5d9a47e02,local_repo,scripts/check_flywheel_supervisor_leader_lease.py,,repo,repo_default_or_unknown,dc6cd88d90a14ecf78a98ba1798f2f9e46d3bb80449c8102b9eb2eb880035d27,local,"{""raw_source_republish"": false}","{""source"": ""repo_code_inventory""}"
source_8ea85d5bfe0ab27be5f3d453,local_repo,scripts/check_flywheel_supervisor_no_duplicate_spawn.py,,repo,repo_default_or_unknown,8f038e80f4542bd723d2233c5760b9ab5d0e7e6110c4652d2a30737359b8f043,local,"{""raw_source_republish"": false}","{""source"": ""repo_code_inventory""}"
source_4c1db8af6c71b37c81cacd21,local_repo,scripts/check_flywheel_supervisor_shards.py,,repo,repo_default_or_unknown,fc5cfc42bc64f37ef6af8dde4f7b5bc7cc8dbc660faa48a503c16cdcac4d8f7a,local,"{""raw_source_republish"": false}","{""source"": ""repo_code_inventory""}"
source_bc17b902460f8b1be67b329c,local_repo,scripts/check_flywheel_watch_uses_supervisor_leases.py,,repo,repo_default_or_unknown,b14a603d454a32387b0eada89a37e2c96a95ebecdf7fd5de5159dc789289f987,local,"{""raw_source_republish"": false}","{""source"": ""repo_code_inventory""}"
source_f18f992989b6bc6dcb641a17,local_repo,scripts/check_formula_registry.py,,repo,repo_default_or_unknown,0aec31f180d628ad6cc9c15d321711177ce5eb2ab3d3ed62cacbfb8819eeaced,local,"{""raw_source_republish"": false}","{""source"": ""repo_code_inventory""}"
source_999ba9aeee5bb214eee7f186,local_repo,scripts/check_fragile_context_atlas.py,,repo,repo_default_or_unknown,baefb2a4b578ebb2f2a680b735a4423612fd5df22ee4e9e304400a94bef22cfb,local,"{""raw_source_republish"": false}","{""source"": ""repo_code_inventory""}"
source_6763bb5dbaeb9f22e3c0061e,local_repo,scripts/check_fragile_context_atlas_redteam.py,,repo,repo_default_or_unknown,267c6722720103f68373ac3ca23306caa1aa37a01bf41346aa177b73455cf30e,local,"{""raw_source_republish"": false}","{""source"": ""repo_code_inventory""}"
source_b12ca96b5a5ea1dce018d6df,local_repo,scripts/check_fragile_context_audit_offers.py,,repo,repo_default_or_unknown,0140096e250a40a8152cd38dd7c53e7aca761828d6ae752e44dd53ac954757e6,local,"{""raw_source_republish"": false}","{""source"": ""repo_code_inventory""}"
source_96e9b864bd1d4ea912c48f3c,local_repo,scripts/check_framework_integration.py,,repo,repo_default_or_unknown,1e9fad1209d82abe7c5f3087d091a239f9d4468e6723a5360e00d7cb40572ae0,local,"{""raw_source_republish"": false}","{""source"": ""repo_code_inventory""}"
source_161d95b56cbc886dfd1c0d80,local_repo,scripts/check_free_limited_endpoint_intel.py,,repo,repo_default_or_unknown,f56c98e7cd91c4cf664d0799c64ef184e2b31d940862e5ce1897b88486aaa812,local,"{""raw_source_republish"": false}","{""source"": ""repo_code_inventory""}"
source_8677b672456103b3fd5d5d5c,local_repo,scripts/check_ftm_interop.py,,repo,repo_default_or_unknown,7b7cd21406a80481839d48d311084cab5e58e4e80825cc3bbb4c65b4770b46c0,local,"{""raw_source_republish"": false}","{""source"": ""repo_code_inventory""}"
source_f5b29bd79674015f992ec121,local_repo,scripts/check_fundamental_primitives_taxonomy.py,,repo,repo_default_or_unknown,436f984cd325b0f63d8d548d0f255b2686549b5966762f8ff4b45530ba5ff1b3,local,"{""raw_source_republish"": false}","{""source"": ""repo_code_inventory""}"
source_8deabf1e34fc5629044b42e5,local_repo,scripts/check_geospatial_sources.py,,repo,repo_default_or_unknown,15ec4f709b4f319d2680e88d15ae96fcc38b5136cdc798bd54ee8204700da77c,local,"{""raw_source_republish"": false}","{""source"": ""repo_code_inventory""}"
source_e889465623a7affb409d85fe,local_repo,scripts/check_gev_adversarial_interrogatories.py,,repo,repo_default_or_unknown,b62bd8eb56805c2f18e0635c4dab0d8648ca2fef7e75e515de7f73c9ec3127df,local,"{""raw_source_republish"": false}","{""source"": ""repo_code_inventory""}"
source_675687f5838b5925d5faaea6,local_repo,scripts/check_git_backend_port.py,,repo,repo_default_or_unknown,d205a1859151afabedaff6d1708bf762b7884a167af6476da9db917c487717ec,local,"{""raw_source_republish"": false}","{""source"": ""repo_code_inventory""}"
source_c2de2c84e20af20c83fb16c4,local_repo,scripts/check_github_signal_flywheel.py,,repo,repo_default_or_unknown,b6695d3dedf85081e473bf4fecdf6e2b80c9ad3f0b0854922bb3b28e89707bb6,local,"{""raw_source_republish"": false}","{""source"": ""repo_code_inventory""}"
source_b812eb5c2d642b40cbcc664b,local_repo,scripts/check_global_multimodel_primitive_foundry.py,,repo,repo_default_or_unknown,606c5abb9adad79ba3f538e481022ba59aeab7d923bec21becaf5288a9fc26fa,local,"{""raw_source_republish"": false}","{""source"": ""repo_code_inventory""}"
source_161171354cf6d263ead64aa6,local_repo,scripts/check_gold_pack_contract.py,,repo,repo_default_or_unknown,0c0da11b7468206d5261ff5b5763e79eb679db90daac8f2195f6eccd860cb348,local,"{""raw_source_republish"": false}","{""source"": ""repo_code_inventory""}"
source_1b1e8455edb4d61e4732cd2b,local_repo,scripts/check_graphable_enrichable_verifiable_system.py,,repo,repo_default_or_unknown,22d0bd814abda25de69204da76ed05b9d55dbbcb43b499aac99e4d32239ac8c5,local,"{""raw_source_republish"": false}","{""source"": ""repo_code_inventory""}"
source_2f35720a045ef1d273291d98,local_repo,scripts/check_handoff_docs_freshness.py,,repo,repo_default_or_unknown,16b3719c91f7067a76827cff36d71842348a7491ea6667822a22e0faa34c5bb3,local,"{""raw_source_republish"": false}","{""source"": ""repo_code_inventory""}"
source_79b775bf74b8f057521b5848,local_repo,scripts/check_heartbeat_queue_contract.py,,repo,repo_default_or_unknown,ca8c6ffdb09a14281403016dcecac99428d7705e2304a9a03702e707b99d3fb9,local,"{""raw_source_republish"": false}","{""source"": ""repo_code_inventory""}"
source_5882cb7894ef857db2246505,local_repo,scripts/check_hub_engines.py,,repo,repo_default_or_unknown,b2d7eb24de8849b33ed30c9cafd100a29c299b36c8c73083ca734a7746213c93,local,"{""raw_source_republish"": false}","{""source"": ""repo_code_inventory""}"
source_a3591dd801976f78dc4d1700,local_repo,scripts/check_hub_freshness.py,,repo,repo_default_or_unknown,eae8e53d7bf5676dd8003d11fd4562c418e52ee72cb471ca506b4ff6427f93de,local,"{""raw_source_republish"": false}","{""source"": ""repo_code_inventory""}"
source_e9e63e68c2f88e45aa0c877c,local_repo,scripts/check_hub_population_coverage.py,,repo,repo_default_or_unknown,cadc03c7468c7a8c6337b349f7e385ba0d78f6cdbabf567a1fdc1b034b1fa7ad,local,"{""raw_source_republish"": false}","{""source"": ""repo_code_inventory""}"
source_fbf1dc31ebaaa50ef00605b7,local_repo,scripts/check_hub_profiles.py,,repo,repo_default_or_unknown,74c2c513cc334924883b6e03fb4eea91d03014df761d3d0d9aae7c5a8ea390d1,local,"{""raw_source_republish"": false}","{""source"": ""repo_code_inventory""}"
source_6343dd3bf42d39f983eb0538,local_repo,scripts/check_hub_settings.py,,repo,repo_default_or_unknown,6bf391f65b0715b9fa80efd2b4fc17b67ee95fb2d92ae827b7d24bf6d62eecd1,local,"{""raw_source_republish"": false}","{""source"": ""repo_code_inventory""}"
source_fe949dfedb1874af80cccdbb,local_repo,scripts/check_human_expert_sources.py,,repo,repo_default_or_unknown,6a643132c1361588cb27ab8bf06a69c5fe1eb5f87cc9575ab31f66912d9668c1,local,"{""raw_source_republish"": false}","{""source"": ""repo_code_inventory""}"
source_d1088dd9715e1136b72f68ef,local_repo,scripts/check_hybrid_retrieval.py,,repo,repo_default_or_unknown,39c8742382920c075c3013e4bfc9ac8fa79ddfa2c0a45b988690840950d6f2c4,local,"{""raw_source_republish"": false}","{""source"": ""repo_code_inventory""}"
source_dc26102890db1fb7ca76c639,local_repo,scripts/check_identity_local_service_runtime.py,,repo,repo_default_or_unknown,17a1a48009e07897139691c0f701f797f204b2aca79ea01604b3f527754d329c,local,"{""raw_source_republish"": false}","{""source"": ""repo_code_inventory""}"
source_b4ee60c6b94f054baba72bea,local_repo,scripts/check_import_boundaries_manifest.py,,repo,repo_default_or_unknown,22137322faa4cc623d62fa2d6ccfe2b195c24c64812a68bfb66a2cb21f744b84,local,"{""raw_source_republish"": false}","{""source"": ""repo_code_inventory""}"
source_f77d6b3a15c9a1c825f23d98,local_repo,scripts/check_industry_links.py,,repo,repo_default_or_unknown,09fe6d0243ec18edaf137950e14cf4af892662f22f299875b0a7d4e9c01c911d,local,"{""raw_source_republish"": false}","{""source"": ""repo_code_inventory""}"
source_249926e7e9e7c9f5a7d3ed96,local_repo,scripts/check_inefficient_pipeline_archetypes.py,,repo,repo_default_or_unknown,a6d0178fd9958ded94a79ebacfbdaca5aaee8e2d8ef098d446127b20529ad09e,local,"{""raw_source_republish"": false}","{""source"": ""repo_code_inventory""}"
source_26058f2d5f29df55e6bda271,local_repo,scripts/check_inference_adapter_styles.py,,repo,repo_default_or_unknown,9adcf218a3c3777678a97acd49b5c8e3d70d1f6c6cc9b753a80efceaf8c4ad84,local,"{""raw_source_republish"": false}","{""source"": ""repo_code_inventory""}"
source_a3d847368795c04355a9d2a5,local_repo,scripts/check_inference_api.py,,repo,repo_default_or_unknown,87c715db2cfbb5e7ce55989d9fa06c05eb8e0f66f605007f493cc1660ae05312,local,"{""raw_source_republish"": false}","{""source"": ""repo_code_inventory""}"
source_dd01544e327398595a4dfa83,local_repo,scripts/check_inference_api_handler.py,,repo,repo_default_or_unknown,193e6e215f047dabb2de3f97e5d8c2ccfc377c6df1095383fa3d28f165d1d885,local,"{""raw_source_republish"": false}","{""source"": ""repo_code_inventory""}"
source_0f2eb4e7fee013410a031dc3,local_repo,scripts/check_inference_dispatch_via_adapters.py,,repo,repo_default_or_unknown,4b7395a6f5eb45b58bbe98abb029b86b1d5c736fa5e4a7811afd0945f039a3e1,local,"{""raw_source_republish"": false}","{""source"": ""repo_code_inventory""}"
source_1a83b75a866f966d02d4096d,local_repo,scripts/check_inference_gateway.py,,repo,repo_default_or_unknown,cc6c887275b01d62fb37420a788176610bf31a3a984bd0e4f15f83238fd74e16,local,"{""raw_source_republish"": false}","{""source"": ""repo_code_inventory""}"
source_9c296f3036b8bf350d57f2da,local_repo,scripts/check_inference_gateway_redteam.py,,repo,repo_default_or_unknown,10982b4a2afbacd75a3b1a362c7a4a89f15f86399e144c1eb69bb2aca160b21e,local,"{""raw_source_republish"": false}","{""source"": ""repo_code_inventory""}"
source_bf7f5385d8d73c5ae1710161,local_repo,scripts/check_inference_in_pipeline.py,,repo,repo_default_or_unknown,86dd911d8ec57a2fb57584fbd262946ab487adccbad1c6de8014a55e9bb8647d,local,"{""raw_source_republish"": false}","{""source"": ""repo_code_inventory""}"
source_74dfe51149e7542e2eee90df,local_repo,scripts/check_inference_pipeline_redteam.py,,repo,repo_default_or_unknown,47c75f89be298558136612b1b71b2c667a86b475f9d7a298a9dc3fdf228912a9,local,"{""raw_source_republish"": false}","{""source"": ""repo_code_inventory""}"
source_026ec4ac344b6b74e585155a,local_repo,scripts/check_inference_provider_adapters.py,,repo,repo_default_or_unknown,93fb9c1b6240b10539149eb92551e4186cd19c47f11e87ba1a087f9ff3ec4386,local,"{""raw_source_republish"": false}","{""source"": ""repo_code_inventory""}"
source_fdd19a74faafe279a61163d3,local_repo,scripts/check_inference_ui.py,,repo,repo_default_or_unknown,e549faa3b9ebe2a726158a50569f632e919860ae401c77f035dabe92ed7e9441,local,"{""raw_source_republish"": false}","{""source"": ""repo_code_inventory""}"
source_b874c9c739c5ed1b2f9990e7,local_repo,scripts/check_information_retention_report.py,,repo,repo_default_or_unknown,d2155369001e6b2c21995d48956feba519fc783bef5e5771c3cf95210625b030,local,"{""raw_source_republish"": false}","{""source"": ""repo_code_inventory""}"
source_9cf7a078c7e7cc5677bef660,local_repo,scripts/check_ingest_folder_batch.py,,repo,repo_default_or_unknown,dfbf95d28b8acc4433216f7ba4c4f32695beff0a360d8978a9f13e21789ef97c,local,"{""raw_source_republish"": false}","{""source"": ""repo_code_inventory""}"
source_9d93d013f01cf37d1499685a,local_repo,scripts/check_ingest_markdown_folder.py,,repo,repo_default_or_unknown,3651be1b6766557bc14e56ab4a44f5ac4a93959e5be30b5fed02cb6cd057570a,local,"{""raw_source_republish"": false}","{""source"": ""repo_code_inventory""}"
source_a8753eae8c455c3c914a8985,local_repo,scripts/check_ingestion_connector_catalog.py,,repo,repo_default_or_unknown,093e98cc488476ec98f57fdedda183d7eb00552904aacfe5d3ea5445b481529b,local,"{""raw_source_republish"": false}","{""source"": ""repo_code_inventory""}"
source_2e00ffbc9b0fb453662ec75a,local_repo,scripts/check_ingestion_contracts.py,,repo,repo_default_or_unknown,83032291c992e7202e2ceff4c5e3dff0e55165d8681dedfde59de332abb2064f,local,"{""raw_source_republish"": false}","{""source"": ""repo_code_inventory""}"
source_d53d765c952d773e8fc13dfb,local_repo,scripts/check_ingestion_decomposition_lossless.py,,repo,repo_default_or_unknown,1ff06f8b28c79541d128b37c2f0f942e4fa19292353381e8824b9e511b65889c,local,"{""raw_source_republish"": false}","{""source"": ""repo_code_inventory""}"
source_a12ee7d791b016f4837c7c3f,local_repo,scripts/check_ingestion_ports.py,,repo,repo_default_or_unknown,331a344e575eee9cab2dfa3edb4fda6f77406471e137e24f5d510b623191e0aa,local,"{""raw_source_republish"": false}","{""source"": ""repo_code_inventory""}"
source_5f58545c79f4d143d4db6630,local_repo,scripts/check_input_acquire.py,,repo,repo_default_or_unknown,5439aea11d9871ca59a84c34b93ecbd0e4c97d22f669b652d10d7cca49ddcdb2,local,"{""raw_source_republish"": false}","{""source"": ""repo_code_inventory""}"
source_51624546a44acda24dc9a10a,local_repo,scripts/check_input_profilers.py,,repo,repo_default_or_unknown,a2b7c018f0bc28625397256c57ecee0750d3dc3cc3f6ec8eb11cc6137129f721,local,"{""raw_source_republish"": false}","{""source"": ""repo_code_inventory""}"
source_a8a1ad414e94dcb7483453ed,local_repo,scripts/check_intelligence_source_registry.py,,repo,repo_default_or_unknown,98ad33fb1bc204c4c0d6845c3b5184e3b5c3256eea6650a131d0d769b7034606,local,"{""raw_source_republish"": false}","{""source"": ""repo_code_inventory""}"
source_2a7cb4cfc6655d835aee3ca7,local_repo,scripts/check_interest_rate_caps_e2e.py,,repo,repo_default_or_unknown,1adaa158c0c906caa6bfc59a27023b8baf0c075024b3585c61bf28b9818e639a,local,"{""raw_source_republish"": false}","{""source"": ""repo_code_inventory""}"
source_d41738f1eb6e87cc08b90140,local_repo,scripts/check_invalid_command_envelope_safe_failure.py,,repo,repo_default_or_unknown,a5a7af1916592315ca1d57e5e02f10188c7f8815c40d843d308d1961da833b31,local,"{""raw_source_republish"": false}","{""source"": ""repo_code_inventory""}"
source_94aa1fde6a33455b65b14a10,local_repo,scripts/check_knowledge_graph.py,,repo,repo_default_or_unknown,16112a13fda16bb707f5589d74c7db565fce9030f9429fea936e9af08ccfdb5d,local,"{""raw_source_republish"": false}","{""source"": ""repo_code_inventory""}"
source_0dfdcaf5ad75adf967b2f572,local_repo,scripts/check_knowledge_taxonomies.py,,repo,repo_default_or_unknown,1cbb61d769186358dca90048452d14b34ebdd4092b931bfe18c9ad5d8b08ba5e,local,"{""raw_source_republish"": false}","{""source"": ""repo_code_inventory""}"
source_680138df562e1d7c0206384c,local_repo,scripts/check_licensed_directory.py,,repo,repo_default_or_unknown,2c454371b943b504e6c3310e9320dba77bc9e0e706aeadc5fed6a0d639d57c64,local,"{""raw_source_republish"": false}","{""source"": ""repo_code_inventory""}"
source_55d88588871af08f8d6365b1,local_repo,scripts/check_lineage_bundle_complete.py,,repo,repo_default_or_unknown,568958c2c10cf26cebd92492849b446cbb32ceec0efc310e053c2142742b97c7,local,"{""raw_source_republish"": false}","{""source"": ""repo_code_inventory""}"
source_adac3b3467237491b4fd7a50,local_repo,scripts/check_lineage_standards_adapters.py,,repo,repo_default_or_unknown,e831e13e49b81cad3d5dda5c8fa013b54a0c7272d55d8cd1c341db89bd474007,local,"{""raw_source_republish"": false}","{""source"": ""repo_code_inventory""}"
source_950cf0a4a27ece87a099b8cc,local_repo,scripts/check_live_fleet_execution_backend_wiring.py,,repo,repo_default_or_unknown,a58167ea6283e03e0570fa0236fef88b375b73167cfe3d74fc401c4dc90fa6bf,local,"{""raw_source_republish"": false}","{""source"": ""repo_code_inventory""}"
source_a51009ba8ae44b4303c6cef6,local_repo,scripts/check_live_ofac_receipt.py,,repo,repo_default_or_unknown,554d1c01d9babb4f75ec48e69efba27ae47f1b466788049b4ffb44ca1684883e,local,"{""raw_source_republish"": false}","{""source"": ""repo_code_inventory""}"
source_ee6b38e655a3d277662fac51,local_repo,scripts/check_live_pipeline.py,,repo,repo_default_or_unknown,6b48e7d4a8f9f37ea13dac8d0e33f1bb0e81c2d773472f97f2bc5d3bd5705012,local,"{""raw_source_republish"": false}","{""source"": ""repo_code_inventory""}"
source_8c7990d8144abefcd3e15f69,local_repo,scripts/check_live_supervisor_api.py,,repo,repo_default_or_unknown,e365befdfd4ab18603479a669e898de5b6146ec94b6bc7108b9e251828f20223,local,"{""raw_source_republish"": false}","{""source"": ""repo_code_inventory""}"
source_d6a017b7595649516c7ba054,local_repo,scripts/check_live_supervisor_dispatch.py,,repo,repo_default_or_unknown,aa9d93ff30a1e6ca435ae6fc5bb1ac03bd5855058c513af4e6d3c7d14f771f11,local,"{""raw_source_republish"": false}","{""source"": ""repo_code_inventory""}"
source_d0b3551c68dfb65e77be82f4,local_repo,scripts/check_live_supervisor_full_stack.py,,repo,repo_default_or_unknown,2d47681c4bd0964f9fb78e988ee15e8947628dfbdf48048081e878e8b77f5a4d,local,"{""raw_source_republish"": false}","{""source"": ""repo_code_inventory""}"
source_16e9d36a0ec78a3484f07bef,local_repo,scripts/check_live_supervisor_idempotent_decisions.py,,repo,repo_default_or_unknown,4e1a29be92863790f1073bfe8dd7ca29fca0d08e900d3f4a971ef9e4ac042b28,local,"{""raw_source_republish"": false}","{""source"": ""repo_code_inventory""}"
source_d2c5608617129e167a251abe,local_repo,scripts/check_live_supervisor_leader_lease.py,,repo,repo_default_or_unknown,fcea029eb453b02672ad4dcaf6a37d0853a08327ec2f26854162a78778968ef7,local,"{""raw_source_republish"": false}","{""source"": ""repo_code_inventory""}"
source_eb60bf60d6c4fe9b8f30a97f,local_repo,scripts/check_live_supervisor_parallel_dispatch.py,,repo,repo_default_or_unknown,3f67e7b6395063f7b471af101358f7c8009a73ae76aac85cbc9bd54d5e8a7f1b,local,"{""raw_source_republish"": false}","{""source"": ""repo_code_inventory""}"
source_6274eb459b28f07f772bbca8,local_repo,scripts/check_live_supervisor_persistence.py,,repo,repo_default_or_unknown,a4aa3d8692ae5df1efd883f6e3be32a6ab1a8768a6957d3caa21be9439988a25,local,"{""raw_source_republish"": false}","{""source"": ""repo_code_inventory""}"
source_1efa989cd9ffcab81d43162f,local_repo,scripts/check_live_supervisor_redteam.py,,repo,repo_default_or_unknown,04966c8f126bd6c5593106c4d2e8808aae728253a62513a64b0a18f29c0a682d,local,"{""raw_source_republish"": false}","{""source"": ""repo_code_inventory""}"
source_25f73a186980a3882644797f,local_repo,scripts/check_live_supervisor_schema.py,,repo,repo_default_or_unknown,44e79174fffaa9a0f46fb1d13820009c5344b38666a326de29d72ab4ff0fc64e,local,"{""raw_source_republish"": false}","{""source"": ""repo_code_inventory""}"
source_9f50af2ae68c189929dcfd21,local_repo,scripts/check_live_supervisor_shards.py,,repo,repo_default_or_unknown,d64464cf38ad1cfd53365a4c696831aaacbc1373e63e65fb6e80274fcefa5893,local,"{""raw_source_republish"": false}","{""source"": ""repo_code_inventory""}"
source_04ad6a52c9165f934f00fd46,local_repo,scripts/check_live_supervisor_spawn_decisions.py,,repo,repo_default_or_unknown,0805862c9a07c5f2e9b453846ded79ef12edb1221c9675b70b4f4cb7a2478208,local,"{""raw_source_republish"": false}","{""source"": ""repo_code_inventory""}"
source_256062653f31fb76ab1f9e58,local_repo,scripts/check_live_supervisor_two_process.py,,repo,repo_default_or_unknown,47b9d2d069db9eb033ec4026b206202313a4a60c449892fefe30e6ba412b3840,local,"{""raw_source_republish"": false}","{""source"": ""repo_code_inventory""}"
source_7960c4c580c987b4852db338,local_repo,scripts/check_live_supervisor_ui.py,,repo,repo_default_or_unknown,8b8475e1cc9a7a1e20b6d57574dab791ee476e321ee30a1c36d3fe2a1c035f05,local,"{""raw_source_republish"": false}","{""source"": ""repo_code_inventory""}"
source_79cbe0ac82056b9f30e43b1e,local_repo,scripts/check_llm_gateway_openai_config.py,,repo,repo_default_or_unknown,8b67bff2f09163cd3d91691b4dd06f54f21de22fc60f8450a14c1e35424491ef,local,"{""raw_source_republish"": false}","{""source"": ""repo_code_inventory""}"
source_419a781f19041bff79f5b6ec,local_repo,scripts/check_llm_gateway_stub.py,,repo,repo_default_or_unknown,1630a6975340d92396f407053319e4bdabaeb841cf99be4b4643258ffaa7968c,local,"{""raw_source_republish"": false}","{""source"": ""repo_code_inventory""}"
source_de9dd06ca752be4d03151d08,local_repo,scripts/check_llm_router_policy.py,,repo,repo_default_or_unknown,6d3eb52ad38478a585cf6f0704088ae28182cb662560f04d6581394a9c67b12f,local,"{""raw_source_republish"": false}","{""source"": ""repo_code_inventory""}"
source_52aeffe019d5f80c7b8d4e4e,local_repo,scripts/check_llm_secret_hygiene.py,,repo,repo_default_or_unknown,e6c83cac9dbd156f867b2ff608a07fde3a70b16ecb3a4190963e4624b0ad2c0e,local,"{""raw_source_republish"": false}","{""source"": ""repo_code_inventory""}"
source_ded222d8e53c64e524465c9b,local_repo,scripts/check_local_blackboard_provider.py,,repo,repo_default_or_unknown,ff02d359e5771da411f1bc356ced22eb8d6511f69202fcd1393a4c8dc4efd3b3,local,"{""raw_source_republish"": false}","{""source"": ""repo_code_inventory""}"
source_8c19a19f0e2292671cf9ee1b,local_repo,scripts/check_local_dev_tunnel_auth_runtime.py,,repo,repo_default_or_unknown,f68023b6b40ebda7a1d96ead4669ee040cde6d86f08d20735fe9b2ca9c8ff6da,local,"{""raw_source_republish"": false}","{""source"": ""repo_code_inventory""}"
source_7f136622b6ed364792fecd0d,local_repo,scripts/check_local_embedder.py,,repo,repo_default_or_unknown,5bdde94568f8c40f1891b2d14a98e92e8b2f423eecafb228c36f7151a87403e0,local,"{""raw_source_republish"": false}","{""source"": ""repo_code_inventory""}"
source_1df3fc3ef49f98eb5538bdc4,local_repo,scripts/check_local_environment_provider.py,,repo,repo_default_or_unknown,c806cdaf22d841400c687b8c07bce0066bc12a6032ab39a82c83ce71f1cb03f5,local,"{""raw_source_republish"": false}","{""source"": ""repo_code_inventory""}"
source_45bf259be00fd1adb3ff6208,local_repo,scripts/check_local_events_plane.py,,repo,repo_default_or_unknown,bed4e02227836f82bb5e4113e5cf655947454db00b9642d1e2142fbb8f044c96,local,"{""raw_source_republish"": false}","{""source"": ""repo_code_inventory""}"
source_408f7e1ba6f523ffe9a81968,local_repo,scripts/check_local_execution_providers.py,,repo,repo_default_or_unknown,7a9df07351c8f5e6c24d0734a5aceb66fcb7b351d92d637ae47708a8507061ed,local,"{""raw_source_republish"": false}","{""source"": ""repo_code_inventory""}"
source_04f0db3deaec7353681eb860,local_repo,scripts/check_local_function_emulator.py,,repo,repo_default_or_unknown,0e17925b45248a7d41a1e8ff77e1f3e382079695c53c95b0615b32302c16ffed,local,"{""raw_source_republish"": false}","{""source"": ""repo_code_inventory""}"
source_b4c1775817136a05825a83d3,local_repo,scripts/check_local_memory_provider.py,,repo,repo_default_or_unknown,7559f121189f14cfbb598c76046074dd824871522e97c9237d4af28b9365d75a,local,"{""raw_source_republish"": false}","{""source"": ""repo_code_inventory""}"
source_744b82f5e16ea022100b6632,local_repo,scripts/check_local_services_health.py,,repo,repo_default_or_unknown,844348958d5295edf8d79c80f303b4d01aa75ca48155b1c9987fe0f7aad4dd8a,local,"{""raw_source_republish"": false}","{""source"": ""repo_code_inventory""}"
source_afa5a46d8631eff5ab318ba2,local_repo,scripts/check_local_spawn_manager.py,,repo,repo_default_or_unknown,5f9f8e22e14f52ed3140ba0b5d98d35787319a1825c67114734d804d638f02d5,local,"{""raw_source_republish"": false}","{""source"": ""repo_code_inventory""}"
source_38bbc032af9da8cb37eedacb,local_repo,scripts/check_lookup_portals.py,,repo,repo_default_or_unknown,26e49fea961bdb1fbf5ab5c92ba1adb359a9e67544569ade11b21dcd4bcb0d1f,local,"{""raw_source_republish"": false}","{""source"": ""repo_code_inventory""}"
source_509483de44fa1bef1701987d,local_repo,scripts/check_loop_runtime.py,,repo,repo_default_or_unknown,00860a3e4c133b4eb0b490a3e27eaabf6e54ce27b04e2fda3933e8c64e4e9a0e,local,"{""raw_source_republish"": false}","{""source"": ""repo_code_inventory""}"
source_a7e59646e5bde9d350a6bc9d,local_repo,scripts/check_lossless_artifact_store.py,,repo,repo_default_or_unknown,a1107010639920fc3f8ea73e10c8fb77b83ccc562d6960e3c7df7cdbfbb007e0,local,"{""raw_source_republish"": false}","{""source"": ""repo_code_inventory""}"
source_d9d961a54dfa00556bccd2a3,local_repo,scripts/check_lossless_distillation_contracts.py,,repo,repo_default_or_unknown,f5c489b1b89ef85ec4f617a20689bb1f3736540ee52136b163341181d092ccb3,local,"{""raw_source_republish"": false}","{""source"": ""repo_code_inventory""}"
source_f6ae894e9d9df5020dcdc821,local_repo,scripts/check_lossless_distillation_full_stack.py,,repo,repo_default_or_unknown,19eb9fdc10cc2b786ca25d7198e6c8b4d2a89582f7fc573608afcca2a1fb6f0d,local,"{""raw_source_republish"": false}","{""source"": ""repo_code_inventory""}"
source_47e73e8ca0890b379eee9491,local_repo,scripts/check_lossless_distillation_redteam.py,,repo,repo_default_or_unknown,d43fdb13b2345271aeef6c756f27eda2ea7e30dbcf8229be0e27b4bda8868240,local,"{""raw_source_republish"": false}","{""source"": ""repo_code_inventory""}"
source_fd8e20857634d09809eae206,local_repo,scripts/check_lowcost_llm_endpoint_registry.py,,repo,repo_default_or_unknown,2677518e60f3c7aea90bd5c084865eb1732778c42ac8ca6305f44d3324a9ddd4,local,"{""raw_source_republish"": false}","{""source"": ""repo_code_inventory""}"
source_78c7e2eecebebe487b54fdd5,local_repo,scripts/check_medium_config.py,,repo,repo_default_or_unknown,62a77fbcdfcb5b4dbd794432110138275e0df3115081e52da5605d1c35382d02,local,"{""raw_source_republish"": false}","{""source"": ""repo_code_inventory""}"
source_a5aaf7b6495039997655b6fd,local_repo,scripts/check_memory_api.py,,repo,repo_default_or_unknown,2a0f84e1a08a4b10b53c5f94cead38577c59f61bed0da4c09b7bf4d1f83d1c84,local,"{""raw_source_republish"": false}","{""source"": ""repo_code_inventory""}"
source_b7dade0bca7247b7b4d0ed2f,local_repo,scripts/check_memory_page_projection_only.py,,repo,repo_default_or_unknown,f6851ce6f65f8473189572690ca7608110c2d35d64b74f314b63af1df3d62aec,local,"{""raw_source_republish"": false}","{""source"": ""repo_code_inventory""}"
source_9ffe61782f2adee223fa7f4b,local_repo,scripts/check_memory_provider_contract.py,,repo,repo_default_or_unknown,a9f96942ca14fea181faf093c4b08f8adcaca23895dc2b46cfe3fa7216735afe,local,"{""raw_source_republish"": false}","{""source"": ""repo_code_inventory""}"
source_162959f1b586435a1c0169c2,local_repo,scripts/check_memory_provider_full_stack.py,,repo,repo_default_or_unknown,eef3d966862bd120f1c8fbc42175eaf896952a2e9b0db2466dc1f1646e339d3e,local,"{""raw_source_republish"": false}","{""source"": ""repo_code_inventory""}"
source_657abd343511e88331086248,local_repo,scripts/check_memory_redteam.py,,repo,repo_default_or_unknown,b52396601a6114e1f3458bf7a078a1e1f4d70aebd3ce71b08a407de0d71b4bb9,local,"{""raw_source_republish"": false}","{""source"": ""repo_code_inventory""}"
source_a26b354145df8afb9d30330b,local_repo,scripts/check_memory_results_become_artifacts.py,,repo,repo_default_or_unknown,05c9a19126172358f1bd94186b970f42437c3b4e801674248a3900372ca681da,local,"{""raw_source_republish"": false}","{""source"": ""repo_code_inventory""}"
source_c55fdecd7b286a4c7551eb6a,local_repo,scripts/check_memory_tenant_project_scoping.py,,repo,repo_default_or_unknown,1cae274926e2ed7cc983b6ad877b7109f661b949e7801c606c9bcaa90debe332,local,"{""raw_source_republish"": false}","{""source"": ""repo_code_inventory""}"
source_210555af561ccdf10b329c29,local_repo,scripts/check_memory_trace_written.py,,repo,repo_default_or_unknown,3d09d715f4250721dc16bd951af22a166f980135dc2908dc04501b371c00220f,local,"{""raw_source_republish"": false}","{""source"": ""repo_code_inventory""}"
source_fc7261b35001282d55985a1f,local_repo,scripts/check_memory_worker_commands.py,,repo,repo_default_or_unknown,28b4007f519814f5e024640ab55438ad635ed15c48fd12c29c13fce02f8a3796,local,"{""raw_source_republish"": false}","{""source"": ""repo_code_inventory""}"
source_228558c69d2d07e71885f1b0,local_repo,scripts/check_microsteps.py,,repo,repo_default_or_unknown,f401fea58a26d6d3e15c7900c3162477e5d0e33a22b49100ac5e9fd783c3ba4a,local,"{""raw_source_republish"": false}","{""source"": ""repo_code_inventory""}"
source_33e53978d4f9d82d915bdc4f,local_repo,scripts/check_ml_model_registry.py,,repo,repo_default_or_unknown,2239bb75076376d78d2e56facfe9b1eabbe0ab793e26ddaad7f831d70eae4271,local,"{""raw_source_republish"": false}","{""source"": ""repo_code_inventory""}"
source_d9055303e21a41dfc67911b9,local_repo,scripts/check_modality_capability_catalog.py,,repo,repo_default_or_unknown,1840bae9ea4e9f9dc26e0744ed9ba4ae3ecf8d50a9ff733a2b625c8258b4ff8d,local,"{""raw_source_republish"": false}","{""source"": ""repo_code_inventory""}"
source_fff2669ba622349eafd519cd,local_repo,scripts/check_model_compatibility.py,,repo,repo_default_or_unknown,e0766b1bc77b8d6f329dbab845f3b055b79515cda630fbfe9ef392c671ffdf90,local,"{""raw_source_republish"": false}","{""source"": ""repo_code_inventory""}"
source_948d1af36ffd99962942459d,local_repo,scripts/check_model_index.py,,repo,repo_default_or_unknown,686ba7b0ce3f0d043eb52d4f2682d2d96a32a2ecc7f909d5c193bfb173595baa,local,"{""raw_source_republish"": false}","{""source"": ""repo_code_inventory""}"
source_f36f3f3de52bdb10ee0fc090,local_repo,scripts/check_model_plane.py,,repo,repo_default_or_unknown,0b1a7ce197cea204f0ffca6cf57b463be0befedba38388338b20b84e37a67ca7,local,"{""raw_source_republish"": false}","{""source"": ""repo_code_inventory""}"
source_72779fd208b5e82ffc76b738,local_repo,scripts/check_model_provider_lanes.py,,repo,repo_default_or_unknown,c497c6f75bab7ce68008b38954f090c17e22426f01e7ff8fc66d3ec159c099f3,local,"{""raw_source_republish"": false}","{""source"": ""repo_code_inventory""}"
source_e18958f08246672dde193a94,local_repo,scripts/check_monolith_allowlist.py,,repo,repo_default_or_unknown,2f5b8d4db077766214d8d1fa89cd1a91bbec1da13f88f07e70eeec417d26878e,local,"{""raw_source_republish"": false}","{""source"": ""repo_code_inventory""}"
source_494ab0b709af048de04fc589,local_repo,scripts/check_multi_source_ingestion.py,,repo,repo_default_or_unknown,fb2f8d74c9dac07962a321861fa814939a82a2027469b8b3fb0d4bd068b3b491,local,"{""raw_source_republish"": false}","{""source"": ""repo_code_inventory""}"
source_c1efd789c6b050759243c679,local_repo,scripts/check_multi_source_regression.py,,repo,repo_default_or_unknown,eb6b7d1f09fc7f496cbe48be0d1a916f81516b21fd69e5476d815ed0949b4213,local,"{""raw_source_republish"": false}","{""source"": ""repo_code_inventory""}"
source_2207c92c62f519513a1a9ff2,local_repo,scripts/check_native_api.py,,repo,repo_default_or_unknown,f79f2acd2dd037d8f4998fdf3dfc524b141f3e18c09d6cb58005078c8bb7ae3f,local,"{""raw_source_republish"": false}","{""source"": ""repo_code_inventory""}"
source_8505890d42ae05b0279bc3c6,local_repo,scripts/check_native_csv_roundtrip.py,,repo,repo_default_or_unknown,bc4a799c22e5f809d2f4d1dc9e133be2eee61a6168e663e24583bedb41c0c4ff,local,"{""raw_source_republish"": false}","{""source"": ""repo_code_inventory""}"
source_2906bbd0968493d754ae3717,local_repo,scripts/check_native_export_no_truth_bypass.py,,repo,repo_default_or_unknown,3795793580417b0948deb24e7f9670a616089692d4af74ecf5bd8fe005a81ddf,local,"{""raw_source_republish"": false}","{""source"": ""repo_code_inventory""}"
source_c44e56fdbf27d674f73a8130,local_repo,scripts/check_native_export_rehydration.py,,repo,repo_default_or_unknown,260dbf2d4be85cd90ad45b0dbd0a7adcafa86c1806c51cf3a8d0bc493e3f8f60,local,"{""raw_source_republish"": false}","{""source"": ""repo_code_inventory""}"
source_f91c7ead84f4b2de02939f47,local_repo,scripts/check_native_export_same_schema.py,,repo,repo_default_or_unknown,673749823d0af8bc09b35d20249160007f94c90a01a95809fbcfd05df7245ca3,local,"{""raw_source_republish"": false}","{""source"": ""repo_code_inventory""}"
source_672642fb2f2810bbbc0c6cd5,local_repo,scripts/check_native_format_full_stack.py,,repo,repo_default_or_unknown,a8aa0ffe0754cc8b4ebbc6f115f4666e5ff4ab4ac5558d73c889222e089924e7,local,"{""raw_source_republish"": false}","{""source"": ""repo_code_inventory""}"
source_e04e7430e710e5a2e9a1efe8,local_repo,scripts/check_native_json_roundtrip.py,,repo,repo_default_or_unknown,e60c275803310bfbe8752c84049aca8befdfd0d17f7c8ecde8c699d05ecd1411,local,"{""raw_source_republish"": false}","{""source"": ""repo_code_inventory""}"
source_1701992336342962ef278a68,local_repo,scripts/check_native_markdown_sidecar.py,,repo,repo_default_or_unknown,93555ccf3c5c0f2c42313767b525fcd59f85dacbae005b615074b2f0a9f44c3a,local,"{""raw_source_republish"": false}","{""source"": ""repo_code_inventory""}"
source_e05d0680e024ad2ab28def82,local_repo,scripts/check_native_output_modes.py,,repo,repo_default_or_unknown,d12b2cd42e32ebd2840c4e5df7dbc9e01aa77b2b0a7876d3672fe5545c5282f4,local,"{""raw_source_republish"": false}","{""source"": ""repo_code_inventory""}"
source_8adb8f12a9ef8d8254e715c9,local_repo,scripts/check_native_shape_contract.py,,repo,repo_default_or_unknown,06c40dcd73c3c5407d1263cb12805b86cfe28dc9fadf164621b5c28303084274,local,"{""raw_source_republish"": false}","{""source"": ""repo_code_inventory""}"
source_9243cf9ad3d2344cc7c1af4e,local_repo,scripts/check_native_sidecar_lineage.py,,repo,repo_default_or_unknown,8160f049142de4815c461cc23272e89df80c80730685ab1ad5c8635fac0195cd,local,"{""raw_source_republish"": false}","{""source"": ""repo_code_inventory""}"
source_4e70e6fa5a7be383bc723dfe,local_repo,scripts/check_native_ui.py,,repo,repo_default_or_unknown,e0cdbaaf1c2df4b4df0dba1ffb304efaa31b5b795058648a1c59435921c76af2,local,"{""raw_source_republish"": false}","{""source"": ""repo_code_inventory""}"
source_4df0db4cb7ac011f79cd08db,local_repo,scripts/check_new_code_uses_standards.py,,repo,repo_default_or_unknown,d767a3d2a3ab613ceb7bbbe412f011c804d757dc8678482c254c76a4f708cf0c,local,"{""raw_source_republish"": false}","{""source"": ""repo_code_inventory""}"
source_2aeb1af48a7109207180bb03,local_repo,scripts/check_no_api_consumption_bypass.py,,repo,repo_default_or_unknown,fbdec948254fb3d26eea216c8cfe0572781c714459e22df32736542442122f5d,local,"{""raw_source_republish"": false}","{""source"": ""repo_code_inventory""}"
source_d796d598ae2652c1f3e54509,local_repo,scripts/check_no_brittle_model_string_logic.py,,repo,repo_default_or_unknown,d34d1ae31f7665f575fac64366078f189dc46dfa2028fe616f3e2298a102c2ad,local,"{""raw_source_republish"": false}","{""source"": ""repo_code_inventory""}"
source_53b37ce595b411507569f985,local_repo,scripts/check_no_consumption_bypass.py,,repo,repo_default_or_unknown,a61b26148f14010868e83a6fe91cc84b614b7a3201cc397477fd193df5dc7a51,local,"{""raw_source_republish"": false}","{""source"": ""repo_code_inventory""}"
source_08c8bdd2140763d7adc4af06,local_repo,scripts/check_no_deferred_execution_surfaces.py,,repo,repo_default_or_unknown,2bcfcf9f397970b1a235c477b8436d1a43fc1b6b339fa235431706af788ca548,local,"{""raw_source_republish"": false}","{""source"": ""repo_code_inventory""}"
source_ff55e166542d19a09c9f4af4,local_repo,scripts/check_no_direct_external_imports.py,,repo,repo_default_or_unknown,31d1894743675207ab8ce073aaef05cfea64fa0d68cb01cff560b0080e260119,local,"{""raw_source_republish"": false}","{""source"": ""repo_code_inventory""}"
source_d76715d19c7fcaeaff5d55eb,local_repo,scripts/check_no_direct_provider_bypass.py,,repo,repo_default_or_unknown,744de2967b82141cd4ea167f62939f0c39f465d7c6d844abef50302338f8c23d,local,"{""raw_source_republish"": false}","{""source"": ""repo_code_inventory""}"
source_12715c10534d6fda13796774,local_repo,scripts/check_no_direct_supermemory_imports.py,,repo,repo_default_or_unknown,eca2b65441390c16447b8658e504d8cb3a619500f0dfba85192d6184c269d320,local,"{""raw_source_republish"": false}","{""source"": ""repo_code_inventory""}"
source_9a1b213317f07bf564e5b19d,local_repo,scripts/check_no_duplicate_runtime.py,,repo,repo_default_or_unknown,baa4a30821d72cd651ee9d174099e1d3a7c7420bd362c718d9d05c45b1822b21,local,"{""raw_source_republish"": false}","{""source"": ""repo_code_inventory""}"
source_ffa72fa3d294ac7cb899f6b4,local_repo,scripts/check_no_oracle_copy.py,,repo,repo_default_or_unknown,b0d8c1866ddf9a4239202a5d8e7aa2cbebd0dda2fe9a82d91e5e1c8bfc1df972,local,"{""raw_source_republish"": false}","{""source"": ""repo_code_inventory""}"
source_6d0cceeea17478414719b49a,local_repo,scripts/check_no_raw_secrets_in_e2e_artifacts.py,,repo,repo_default_or_unknown,642be9106b9ae802b6387d97d17537c5533c486ab4f69e50356ef75e8775d91b,local,"{""raw_source_republish"": false}","{""source"": ""repo_code_inventory""}"
source_bccc3cec9e014d7fb02e3348,local_repo,scripts/check_no_uncataloged_github_repos.py,,repo,repo_default_or_unknown,bb194d3bfb046f734065ed5a168e24bf8d66a64ec40cdd631eb9f99a3e1d3637,local,"{""raw_source_republish"": false}","{""source"": ""repo_code_inventory""}"
source_2eabcd69df6039e5bd97a623,local_repo,scripts/check_north_star_gap_closure_loop.py,,repo,repo_default_or_unknown,0fbf1145986362983255d3a50bc31447c32e211a12f0c8875e8232d04ac9c2dc,local,"{""raw_source_republish"": false}","{""source"": ""repo_code_inventory""}"
source_db3893e711977385b0a028b3,local_repo,scripts/check_north_star_runner_contract.py,,repo,repo_default_or_unknown,57af5a00b9a327daf3fd39b482bf10f4eb8f1e4b2b90d3a5498c7e77753ca0b5,local,"{""raw_source_republish"": false}","{""source"": ""repo_code_inventory""}"
source_f290b3b8610ecb913ac0f238,local_repo,scripts/check_northstar_design.py,,repo,repo_default_or_unknown,c587790076bc1898464617989606095a39cb3211e3e201c98d4adce1d6bba7f7,local,"{""raw_source_republish"": false}","{""source"": ""repo_code_inventory""}"
source_d5377600d6ce6acf3749ace3,local_repo,scripts/check_object_shell_conformance_migration.py,,repo,repo_default_or_unknown,18475b239475d242e25b03071e7ddd116e4fc559917c778e4e2e4e41585bcf46,local,"{""raw_source_republish"": false}","{""source"": ""repo_code_inventory""}"
source_f3c2dd5f1ab598abc1d7861a,local_repo,scripts/check_object_store_payload_ref.py,,repo,repo_default_or_unknown,dd5a3ee999fca8d13c39306f784fef61d79b885943636cd08ef82cc184189e3a,local,"{""raw_source_republish"": false}","{""source"": ""repo_code_inventory""}"
source_4eef1a6d6702ffe2f2e232da,local_repo,scripts/check_object_wrapper_hygiene.py,,repo,repo_default_or_unknown,b2cdd9ad351d1aa5593f5585dfaaec918956748e64ee456adbc622e732d2ebc0,local,"{""raw_source_republish"": false}","{""source"": ""repo_code_inventory""}"
source_b9154c09eb7f6c2eacff456d,local_repo,scripts/check_objects_have_inference_preferences.py,,repo,repo_default_or_unknown,8fcf01e77e5b9d06fd4add695ec3e35eb674bfc4cbbc0415e99900a2ff5a5530,local,"{""raw_source_republish"": false}","{""source"": ""repo_code_inventory""}"
source_3a1a3827011a7d5be0436737,local_repo,scripts/check_observability_governance_redteam.py,,repo,repo_default_or_unknown,ab81bad1f6e68a28a3038f0d95f40ce1d7a857d2b8fec77d3fdd8153e568226a,local,"{""raw_source_republish"": false}","{""source"": ""repo_code_inventory""}"
source_08a5b9c360ef15eb214f797c,local_repo,scripts/check_observability_provider_seam.py,,repo,repo_default_or_unknown,e740b8e422985e6bd3bd1e004d18969cb5b4b8ee2356b7221b553fea114db394,local,"{""raw_source_republish"": false}","{""source"": ""repo_code_inventory""}"
source_548b9417323008545d45f8c0,local_repo,scripts/check_observability_providers.py,,repo,repo_default_or_unknown,c0b9d89f75b5a9f292cd05188f221885ffefbc49ddf2f0548578ea638ae6bea8,local,"{""raw_source_republish"": false}","{""source"": ""repo_code_inventory""}"
source_9cdd0638321b05a2b30b6601,local_repo,scripts/check_observer_agentic.py,,repo,repo_default_or_unknown,4f726723272c5d17540009b624e49d4bfcac898c27a827c7dc15795be0dabb36,local,"{""raw_source_republish"": false}","{""source"": ""repo_code_inventory""}"
source_8542924fffacd444745398fb,local_repo,scripts/check_observer_capture_store.py,,repo,repo_default_or_unknown,df4277c9afc17bdbc12eeac0cdb24ff696b00d590a0ba0ec59199c6cdaee009f,local,"{""raw_source_republish"": false}","{""source"": ""repo_code_inventory""}"
source_8ad13a2e3831db698df94455,local_repo,scripts/check_observer_consent.py,,repo,repo_default_or_unknown,8f80686b9d26422ef953b247c2bf214c6c72f0e39807551b95d66f33d377c9ed,local,"{""raw_source_republish"": false}","{""source"": ""repo_code_inventory""}"
source_7070fe5dda724382c0329aa9,local_repo,scripts/check_observer_corpus.py,,repo,repo_default_or_unknown,7d008262a744eeeaa9f944667a7f8e0429044de3e2cca833ab5c62a45c32bd2b,local,"{""raw_source_republish"": false}","{""source"": ""repo_code_inventory""}"
source_836a6e4a677ab6b12f2ffdbd,local_repo,scripts/check_observer_local_service.py,,repo,repo_default_or_unknown,826c523188541584dd395f116cd8563ea47296b49f95cde7c09153c47f07156e,local,"{""raw_source_republish"": false}","{""source"": ""repo_code_inventory""}"
source_a9379315d8608b1a57b402fc,local_repo,scripts/check_observer_review.py,,repo,repo_default_or_unknown,ce52e78018e3a3ed549225dc640847807feed2e70990b80fe3c6a00dfd8accb6,local,"{""raw_source_republish"": false}","{""source"": ""repo_code_inventory""}"
source_cb8246cee43a8efa3a95a2be,local_repo,scripts/check_observer_router.py,,repo,repo_default_or_unknown,45aa4d78872a2870a8774b3f48ca49fd003b2fb010d4d48999d9e6e08465b243,local,"{""raw_source_republish"": false}","{""source"": ""repo_code_inventory""}"
source_95e849bd32e482b32cabedc7,local_repo,scripts/check_ocr_port.py,,repo,repo_default_or_unknown,7c4c1065bfd5633d69d73b9c0ac75ea8aff6882e034efda12058f1d8bd786c53,local,"{""raw_source_republish"": false}","{""source"": ""repo_code_inventory""}"
source_a0200e47812ef8c609d6cbae,local_repo,scripts/check_octs_conformance.py,,repo,repo_default_or_unknown,17fef42c121fc5f6518c3ec824491133ca2af6225a073c30d4a03032756c21a1,local,"{""raw_source_republish"": false}","{""source"": ""repo_code_inventory""}"
source_7b107bffd220dc0f3a26808b,local_repo,scripts/check_offline_full_demo.py,,repo,repo_default_or_unknown,5abc050a961d19aecaef6ae902e80322fdbee51c2d5cc4504906996b9c26b1b1,local,"{""raw_source_republish"": false}","{""source"": ""repo_code_inventory""}"
source_364b64437f78f9d6d8d98770,local_repo,scripts/check_oh_states_kit.py,,repo,repo_default_or_unknown,5bf11a1d9d28f8c83840fd0c68b9dcd6b0ff9c8b6a2fdf2eb921f50de7304cdf,local,"{""raw_source_republish"": false}","{""source"": ""repo_code_inventory""}"
source_797f326b026c7e09108a5dc8,local_repo,scripts/check_okf_freshness_live_e2e.py,,repo,repo_default_or_unknown,3da1a3c5b6cb7613af7035bdd490e05c3c93b24e217a5a27ab743ed7566552d8,local,"{""raw_source_republish"": false}","{""source"": ""repo_code_inventory""}"
source_2f4cee51c1dca540eb257f52,local_repo,scripts/check_okf_interop.py,,repo,repo_default_or_unknown,ed4ad1615a627957d91e38adaf3e4505efabcf6f43fbe75d139bea3ff9f0fba4,local,"{""raw_source_republish"": false}","{""source"": ""repo_code_inventory""}"
source_b6379c15c94dce2aa2db1334,local_repo,scripts/check_ollama_free_limited_compatibility.py,,repo,repo_default_or_unknown,37604433a845ba7fd81497ade57ea1de243246400036a7ad807571a92e6f74dc,local,"{""raw_source_republish"": false}","{""source"": ""repo_code_inventory""}"
source_b8c4bc3b9d42f4f7a0315785,local_repo,scripts/check_open_hubs_bridge_graph.py,,repo,repo_default_or_unknown,2545688e53ebff545388cd1ffd3bdac9364509cb303a0f1f83729ddc29196788,local,"{""raw_source_republish"": false}","{""source"": ""repo_code_inventory""}"
source_d6a7acfb34ac7fcc4cbaa8ea,local_repo,scripts/check_openapi_deconstructor.py,,repo,repo_default_or_unknown,9c8592fa0052625a7fa98624e6930ce6a7487480e345b3cb0c4b9458bf485734,local,"{""raw_source_republish"": false}","{""source"": ""repo_code_inventory""}"
source_435471351f6ed2427bd387df,local_repo,scripts/check_openbenchmarkhub_core.py,,repo,repo_default_or_unknown,c59c4e3b4b532420b20ee14ce984ff2d751e253852d6e59adaea2f9b63c6bbc6,local,"{""raw_source_republish"": false}","{""source"": ""repo_code_inventory""}"
source_ad717f3a4b3f631a1c493a0e,local_repo,scripts/check_openclaw_hermes.py,,repo,repo_default_or_unknown,2f4ff806263f01388c3c66e2af60634e8a6a8b955a06a0750e693b3954b598c6,local,"{""raw_source_republish"": false}","{""source"": ""repo_code_inventory""}"
source_91a336583eec865bf047f4a7,local_repo,scripts/check_opencontext_fragile_atlas_page.py,,repo,repo_default_or_unknown,a0a1bd7df085c480822ad73f9c07e78ea955c5ba051a774c00353c62db0cdcdd,local,"{""raw_source_republish"": false}","{""source"": ""repo_code_inventory""}"
source_b55bf9d119701a61a0531cbf,local_repo,scripts/check_openhubforai_auth_wiring.py,,repo,repo_default_or_unknown,4e3be5cf4c9c5a8ae01a2288c7d056881e09241262db9f87189aeb0adc41aec3,local,"{""raw_source_republish"": false}","{""source"": ""repo_code_inventory""}"
source_badb3ad028808ef8ad236a8b,local_repo,scripts/check_openhubs_backend_registry.py,,repo,repo_default_or_unknown,2c0ee2cf94b983cdb5dba3aaef435572147cf5762e191698b789415b49a6fde0,local,"{""raw_source_republish"": false}","{""source"": ""repo_code_inventory""}"
source_0d0c49d58c063154fb2d9a55,local_repo,scripts/check_opportunity_map.py,,repo,repo_default_or_unknown,8873e09405d323b3295065122d0052c6b2f0a310e0eee24113033182b4b96f91,local,"{""raw_source_republish"": false}","{""source"": ""repo_code_inventory""}"
source_ceab820950db578fdc2a54ee,local_repo,scripts/check_optimization_harness.py,,repo,repo_default_or_unknown,ba9f03a28ab86c86801c3150b81e91a136120b4ae31d5d00cc6184527fb80e8e,local,"{""raw_source_republish"": false}","{""source"": ""repo_code_inventory""}"
source_750607e9b5d8d3199cf3c055,local_repo,scripts/check_optimization_lossless_distillation.py,,repo,repo_default_or_unknown,16f80ba982124a8c5899c661f3f132f7ac7a84a45717d81b8c932ca09ef11d26,local,"{""raw_source_republish"": false}","{""source"": ""repo_code_inventory""}"
source_1948dc6b1c093dcbdb78781f,local_repo,scripts/check_optimization_passes.py,,repo,repo_default_or_unknown,ee17d52bed18f5e197d6b0d59820c34436fe98ed7508166199dfdb8f542317b7,local,"{""raw_source_republish"": false}","{""source"": ""repo_code_inventory""}"
source_83cefdf9e15b373eea853e81,local_repo,scripts/check_optimization_rejection_rule_distillation.py,,repo,repo_default_or_unknown,24313d089fe6881abd51416773494599a7f7972556378e2c6572e78587b2166f,local,"{""raw_source_republish"": false}","{""source"": ""repo_code_inventory""}"
source_62dee65e437a1e8c0daad3b3,local_repo,scripts/check_optimization_suite.py,,repo,repo_default_or_unknown,14831e34e36f62d144470f2af5b079d46ac8f7ea3177fede3afe6cf3e160a89a,local,"{""raw_source_republish"": false}","{""source"": ""repo_code_inventory""}"
source_d6a2846c7a09841248061488,local_repo,scripts/check_otel_spans.py,,repo,repo_default_or_unknown,53de2ef2b7885ca3467e23583620c62847cfe0a03e6a41af513a324e31e038a3,local,"{""raw_source_republish"": false}","{""source"": ""repo_code_inventory""}"
source_3a31b42ccb681ffc46d70f14,local_repo,scripts/check_parallel_dev_lanes.py,,repo,repo_default_or_unknown,e2f1540d67db7f7269ebeac0315a0694a81b4f42cd46a92b0d8c02d1662043be,local,"{""raw_source_republish"": false}","{""source"": ""repo_code_inventory""}"
source_3264f1c6ae505005e41f4952,local_repo,scripts/check_parallel_path_contracts.py,,repo,repo_default_or_unknown,5c359eed981f2d2f641d164eed0e1860cb8c027bc9a3e3c8ee459adce4ccd373,local,"{""raw_source_republish"": false}","{""source"": ""repo_code_inventory""}"
source_8df9b0a976a2f1837ad07a1c,local_repo,scripts/check_parallel_path_examples.py,,repo,repo_default_or_unknown,266858f20fad4f7366e22057e458be0b18d5327c26caafb98f273275979a4eab,local,"{""raw_source_republish"": false}","{""source"": ""repo_code_inventory""}"
source_c0090282681400c39fef50c6,local_repo,scripts/check_parallel_path_full_stack.py,,repo,repo_default_or_unknown,971f8ca2279a52b3c8346404f030103069f84f72e70546c2a56c6034e0e70736,local,"{""raw_source_republish"": false}","{""source"": ""repo_code_inventory""}"
source_91fce029fd91598bca0553f8,local_repo,scripts/check_parallel_path_implementation.py,,repo,repo_default_or_unknown,086f060b4dece71e3ab85b157f3f3baf7305961a8339cf50e127ad3b8050e2f0,local,"{""raw_source_republish"": false}","{""source"": ""repo_code_inventory""}"
source_aa5664794f84d98c3c892e19,local_repo,scripts/check_parallel_path_promotion_gate.py,,repo,repo_default_or_unknown,c7ae44a2eed62bdaaf79d72e7abde6c53bdbd40a9cd9f1d0c569e71ff76a28d8,local,"{""raw_source_republish"": false}","{""source"": ""repo_code_inventory""}"
source_d39cb5f43177944a428fdb93,local_repo,scripts/check_parallel_path_redteam.py,,repo,repo_default_or_unknown,544cb3736edd6744d754f6fc8cc5e6519a15891d0b1d9a0a727dbfd75626f552,local,"{""raw_source_republish"": false}","{""source"": ""repo_code_inventory""}"
source_5e092f706da26b839a3eeea0,local_repo,scripts/check_parser_portfolio.py,,repo,repo_default_or_unknown,b1f90819643539974a3a56ee172cf1a631afcda21a145bd39d73d894b8c87bf0,local,"{""raw_source_republish"": false}","{""source"": ""repo_code_inventory""}"
source_78f60b64234be406ed9124b4,local_repo,scripts/check_passes.py,,repo,repo_default_or_unknown,2c388aa2eb7a737c13e0e169e7ea4275025e173ce121e8fac9fe9a31bd245adb,local,"{""raw_source_republish"": false}","{""source"": ""repo_code_inventory""}"
source_47181ab332e394f7c11684e9,local_repo,scripts/check_pattern_miner.py,,repo,repo_default_or_unknown,33eb290e340492fed430fcd38b690528ca050a8feee47d2afa58b240b266d5e5,local,"{""raw_source_republish"": false}","{""source"": ""repo_code_inventory""}"
source_54f8c2164d01f5baa564a068,local_repo,scripts/check_pattern_registry.py,,repo,repo_default_or_unknown,c2284580a008336bf36437d59b6a5908a824e5b9675f45e94b1ca927f82092f8,local,"{""raw_source_republish"": false}","{""source"": ""repo_code_inventory""}"
source_7ca0c10d4998d43bb1cc29f0,local_repo,scripts/check_pattern_standards_full_stack.py,,repo,repo_default_or_unknown,24f949e24c07dd41abcac1999c25cc14f47b1ef3c7c2560ed3950f8fa3d89c52,local,"{""raw_source_republish"": false}","{""source"": ""repo_code_inventory""}"
source_e65d3cec74ea72afc4606c69,local_repo,scripts/check_pattern_waivers.py,,repo,repo_default_or_unknown,ff533dd700d13e1b65f481e884211f9fdc6082f8444890504b93ff23beea1705,local,"{""raw_source_republish"": false}","{""source"": ""repo_code_inventory""}"
source_3e93549d58058a53d43ec81d,local_repo,scripts/check_pipeline_api.py,,repo,repo_default_or_unknown,f0e542fbec60197adaee6c739aeff294b4beb765ef644ec1214a6d8049c762a8,local,"{""raw_source_republish"": false}","{""source"": ""repo_code_inventory""}"
source_59a9702373073532e46e236d,local_repo,scripts/check_pipeline_consumption_ui.py,,repo,repo_default_or_unknown,6f68dcf5314353e2ce984731a973af29f7e50abc672403256e484b49470eb253,local,"{""raw_source_republish"": false}","{""source"": ""repo_code_inventory""}"
source_6890287cf9a3e990878ce0b1,local_repo,scripts/check_pipeline_decomposition_ui.py,,repo,repo_default_or_unknown,c0b51cbcdf9d57c957bf090108f1c09806bad9ef9afca95cd12e3d7bed375567,local,"{""raw_source_republish"": false}","{""source"": ""repo_code_inventory""}"
source_d234e9d2c0f319d1a8575ba1,local_repo,scripts/check_pipeline_enhancement_ui.py,,repo,repo_default_or_unknown,8084fe5c8b1223984a8916b1f5c9785ae277a18cbe7def96bcff205893549ebc,local,"{""raw_source_republish"": false}","{""source"": ""repo_code_inventory""}"
source_1d4864d4750fb2cc62febeaf,local_repo,scripts/check_pipeline_lineage.py,,repo,repo_default_or_unknown,a0451f49301e70311a90859ad6daa86999cdeddc3e9019f85e5587448759361b,local,"{""raw_source_republish"": false}","{""source"": ""repo_code_inventory""}"
source_c8fb6489f8bfe788238f1f5e,local_repo,scripts/check_pipeline_optimization_ui.py,,repo,repo_default_or_unknown,df89abf868941a44cab8db145108d1e69e5ef55cf4d638fd99b34ed981ec4eab,local,"{""raw_source_republish"": false}","{""source"": ""repo_code_inventory""}"
source_a2d4060a05c125041915d14f,local_repo,scripts/check_pipeline_pages_full_stack.py,,repo,repo_default_or_unknown,1a9aeb69127ed66c99ea5d4b4697f672745ea4611068e2ca39ce0cff3c642d02,local,"{""raw_source_republish"": false}","{""source"": ""repo_code_inventory""}"
source_1a9a4b47eef1a17582f3acf6,local_repo,scripts/check_pipeline_parallel_runs.py,,repo,repo_default_or_unknown,90eb58e42ee268015f3400925e50c2e9f07fa05c982ee05028e5ace0f7c055bb,local,"{""raw_source_republish"": false}","{""source"": ""repo_code_inventory""}"
source_40e2a8a3eb4c187997b47b0b,local_repo,scripts/check_pipeline_per_step_queue.py,,repo,repo_default_or_unknown,bb140e1ab97454a41b76b72b3519fb31081383b74be551ffd25834bd2caa1581,local,"{""raw_source_republish"": false}","{""source"": ""repo_code_inventory""}"
source_2bc29612c0b2037169c3923d,local_repo,scripts/check_pipeline_reconciliation_ui.py,,repo,repo_default_or_unknown,1d73b1e961d236b6fd8f54f4e2cc1994cf26197da2b92c2c35b180b201eb6c72,local,"{""raw_source_republish"": false}","{""source"": ""repo_code_inventory""}"
source_5e34aa1a30c6f7ef0a5927d1,local_repo,scripts/check_pipeline_run_fingerprint.py,,repo,repo_default_or_unknown,a6f4c6e40dd37cc4e3f79aae36654b84292c42500cd41cc7b9a7cc573e0ce533,local,"{""raw_source_republish"": false}","{""source"": ""repo_code_inventory""}"
source_06152cd80e976362826f3403,local_repo,scripts/check_pipeline_runtime.py,,repo,repo_default_or_unknown,30b5bca5d88c297a41622f874b59c7757a7b532521aea4379d5491ccc7715578,local,"{""raw_source_republish"": false}","{""source"": ""repo_code_inventory""}"
source_eab5622a714c5862f367d12e,local_repo,scripts/check_pipeline_tenant_isolation.py,,repo,repo_default_or_unknown,6c646c71284f38a98b2c3f47ef4ddba51682596d47420da405b2a2a94de38b9d,local,"{""raw_source_republish"": false}","{""source"": ""repo_code_inventory""}"
source_3f83d167b8e16f3970be64c1,local_repo,scripts/check_pipeline_unstructured.py,,repo,repo_default_or_unknown,77e26624a081f9d6642ab0757fb8760b6d83b6cc53896d8cf42fc0e661f7b5e5,local,"{""raw_source_republish"": false}","{""source"": ""repo_code_inventory""}"
source_1869a384202b43fc32a18274,local_repo,scripts/check_pipeline_upload_ui.py,,repo,repo_default_or_unknown,f0fa7e118976caee8c552a17339ed70b6b705d5de9f51437f90fc8c9b78b45fb,local,"{""raw_source_republish"": false}","{""source"": ""repo_code_inventory""}"
source_bdbba7ca1fa2e82dae35eb6c,local_repo,scripts/check_pipeline_verification_ui.py,,repo,repo_default_or_unknown,c9dc24377b9e32c9327f77f597ea2df12ac9b459abe72a393e976356626ff4ae,local,"{""raw_source_republish"": false}","{""source"": ""repo_code_inventory""}"
